name,n_test_rf,mae_rf,n_test_dss,mae_dss,delta_rf_minus_dss,winner
A.J. Greer,36,0.16574606821582563,36,0.08577801949448055,0.07996804872134508,DSS
Aaron Ekblad,28,0.5119292909766422,28,0.603561387663441,-0.09163209668679884,RF
Aatu Raty,14,0.31777625302125495,14,0.220502124567117,0.09727412845413794,DSS
Adam Beckman,2,0.08725877414790771,2,0.004485407844185829,0.08277336630372188,DSS
Adam Boqvist,33,0.27800944240496084,33,0.2165304036303,0.06147903877466085,DSS
Adam Edstrom,20,0.3593506526204868,20,0.3047067910432816,0.054643861577205244,DSS
Adam Fantilli,32,0.6134215024544789,32,0.6847506666090339,-0.07132916415455504,RF
Adam Fox,28,0.5414078458504228,28,0.4340758114787085,0.10733203437171429,DSS
Adam Gaudette,34,0.29633246349290027,34,0.2420362458728692,0.05429621762003106,DSS
Adam Henrique,36,0.3211868013155035,36,0.2838734436987175,0.037313357616786,DSS
Adam Klapka,21,0.3878576575935425,21,0.4366631128248714,-0.0488054552313289,RF
Adam Larsson,31,0.33545353599783573,31,0.359334560651933,-0.02388102465409725,RF
Adam Lowry,33,0.33964175727613516,33,0.40001200365297723,-0.060370246376842074,RF
Adam Pelech,25,0.25307422962384407,25,0.2475874136388302,0.005486815985013882,DSS
Adam Wilsby,11,0.1615535057004984,11,0.0038246637718244033,0.15772884192867398,DSS
Adin Hill,35,0.08412388094602749,35,0.002203179257256644,0.08192070168877084,DSS
Adrian Kempe,34,0.6073498986335918,34,0.5567466596908429,0.050603238942748874,DSS
Akil Thomas,33,0.16834410668109492,33,0.09465478326786649,0.07368932341322844,DSS
Akira Schmid,10,0.08482052387977865,10,0.0026846852153539656,0.08213583866442468,DSS
Albert Johansson,32,0.27374393972589695,32,0.22361446160357445,0.05012947812232249,DSS
Alec Martinez,23,0.256979416065411,23,0.179949721240479,0.07702969482493202,DSS
Aleksander Barkov,36,0.4313812469944047,36,0.4105202093099554,0.0208610376844493,DSS
Aleksei Kolosov,23,0.08460850211733262,23,0.002217182484657868,0.08239131963267475,DSS
Aleksi Heimosalmi,1,0.08116314847758506,1,0.004292517900466919,0.07687063057711814,DSS
Ales Stezka,5,0.08238227361164958,5,0.0030587464570999146,0.07932352715454967,DSS
Alex Barré-Boulet,2,0.08725877414790771,2,0.004300262778997421,0.08295851136891029,DSS
Alex DeBrincat,32,0.6180661688674329,32,0.6034913362236694,0.01457483264376358,DSS
Alex Iafallo,36,0.2971313388884815,36,0.2547151298365659,0.042416209051915565,DSS
Alex Killorn,32,0.41882112260560167,32,0.5096127159195021,-0.09079159331390041,RF
Alex Laferriere,34,0.34261880686745805,34,0.3413489920032375,0.0012698148642205642,DSS
Alex Lyon,29,0.08326508836390321,29,0.0023043923850717216,0.08096069597883149,DSS
Alex Nedeljkovic,30,0.19397467435058688,30,0.10406937922040621,0.08990529513018067,DSS
Alex Newhook,34,0.27237011250736176,34,0.20859023797161438,0.06377987453574738,DSS
Alex Ovechkin,30,0.29306494775559144,30,0.36029802486300466,-0.06723307710741322,RF
Alex Pietrangelo,36,0.3715420051963222,36,0.3893888141545985,-0.017846808958276283,RF
Alex Steeves,7,0.3787189270213691,7,0.29386727937630247,0.08485164764506664,DSS
Alex Tuch,32,0.5803511511274282,32,0.6217196762445383,-0.04136852511711009,RF
Alex Turcotte,33,0.14728459942730843,33,0.034484661438248375,0.11279993798906005,DSS
Alex Vlasic,32,0.3182692183819359,32,0.31713743146974593,0.0011317869121899582,DSS
Alexandar Georgiev,31,0.11638505895673452,31,0.03536966407010632,0.0810153948866282,DSS
Alexander Alexeyev,34,0.08403167820479572,34,0.0022083825486547805,0.08182329565614094,DSS
Alexander Holtz,26,0.1704370956941565,26,0.045527998644572035,0.12490909704958446,DSS
Alexander Kadeykin,2,0.08116314847758506,2,0.0042442940175533295,0.07691885446003173,DSS
Alexander Kerfoot,32,0.3690075222341929,32,0.31906755140516907,0.04993997082902385,DSS
Alexander Nikishin,4,0.08725877414790771,4,0.0037497561424970627,0.08350901800541065,DSS
Alexander Nylander,6,0.08319502370102594,6,0.0030949898064136505,0.08010003389461229,DSS
Alexander Pelevin,1,0.08116314847758506,1,0.004292517900466919,0.07687063057711814,DSS
Alexander Perevalov,1,0.08116314847758506,1,0.004292517900466919,0.07687063057711814,DSS
Alexander Petrovic,8,0.3312743584272836,8,0.25852913968265057,0.07274521874463302,DSS
Alexander Romanov,31,0.16748536979245798,31,0.06653601532020877,0.10094935447224922,DSS
Alexander Rykov,1,0.08116314847758506,1,0.004292517900466919,0.07687063057711814,DSS
Alexander Siryatsky,1,0.08116314847758506,1,0.004292517900466919,0.07687063057711814,DSS
Alexander Wennberg,32,0.3737249004000631,32,0.3476393952732906,0.026085505126772546,DSS
Alexandre Carrier,33,0.2288539450887239,33,0.2147395212316152,0.014114423857108704,DSS
Alexandre Doucet,2,0.08116314847758506,2,0.0042442940175533295,0.07691885446003173,DSS
Alexandre Texier,33,0.29314849512330593,33,0.24813676523891362,0.04501172988439231,DSS
Alexey Toropchenko,35,0.2521629302784181,35,0.177412434560912,0.07475049571750608,DSS
Alexis Lafrenière,31,0.3155093828990709,31,0.38974413588162393,-0.07423475298255305,RF
Aliaksei Protas,35,0.3119028363973869,35,0.32194596837673867,-0.01004313197935175,RF
Amadeus Lombardi,2,0.08116314847758506,2,0.0042442940175533295,0.07691885446003173,DSS
Anders Lee,31,0.37464148734832375,31,0.374300213771001,0.00034127357732277597,DSS
Andre Burakovsky,31,0.4607155722258283,31,0.5259640124295989,-0.06524844020377057,RF
Andre Lee,13,0.2981808774152326,13,0.23688764325701273,0.061293234158219856,DSS
Andreas Athanasiou,8,0.207742659870015,8,0.1317909648641944,0.07595169500582061,DSS
Andreas Englund,31,0.1977395024261928,31,0.10163684742104623,0.09610265500514656,DSS
Andrei Kuzmenko,32,0.5321117255271096,32,0.6330098619218916,-0.10089813639478196,RF
Andrei Svechnikov,36,0.5774142903285436,36,0.6235952147593101,-0.04618092443076649,RF
Andrei Vasilevskiy,33,0.14704436907941967,33,0.06404040618376299,0.08300396289565669,DSS
Andrew Copp,23,0.41624928311612447,23,0.4458285558806813,-0.029579272764556852,RF
Andrew Mangiapane,35,0.24775894617266658,35,0.20382530391216278,0.04393364226050381,DSS
Andrew Peeke,32,0.23753455511304458,32,0.16088178474456072,0.07665277036848386,DSS
Andrey Krutov,1,0.08116314847758506,1,0.004292517900466919,0.07687063057711814,DSS
Angus Crookshank,6,0.30409186998987725,6,0.17188183963298798,0.13221003035688927,DSS
Anthony Beauvillier,38,0.2961204860208703,38,0.2165067140993319,0.07961377192153843,DSS
Anthony Cirelli,33,0.33980540283427724,33,0.3412914364739801,-0.001486033639702844,RF
Anthony Duclair,22,0.1360330118307348,22,0.07035004669292406,0.06568296513781073,DSS
Anthony Mantha,6,0.36255985115417383,6,0.3360549968977769,0.026504854256396926,DSS
Anthony Richard,7,0.15107659078323013,7,0.10498866651739393,0.0460879242658362,DSS
Anthony Stolarz,27,0.11931498466223459,27,0.04043903174223723,0.07887595291999736,DSS
Anton Forsberg,33,0.08522689892446683,33,0.002134922778967655,0.08309197614549918,DSS
Anton Johansson,2,0.08116314847758506,2,0.0042442940175533295,0.07691885446003173,DSS
Anton Lundell,36,0.4442040786592435,36,0.4145967787545588,0.029607299904684692,DSS
Antonin Verreault,1,0.08116314847758506,1,0.004292517900466919,0.07687063057711814,DSS
Antti Tuomisto,2,0.08116314847758506,2,0.0042442940175533295,0.07691885446003173,DSS
Anttoni Honka,1,0.08116314847758506,1,0.004292517900466919,0.07687063057711814,DSS
Anze Kopitar,34,0.5283045302757354,34,0.5339649916790864,-0.005660461403350969,RF
Arber Xhekaj,34,0.24474845959104286,34,0.2108625412425574,0.03388591834848545,DSS
Arshdeep Bains,8,0.48554997346372775,8,0.4090898805297911,0.07646009293393663,DSS
Artem Zub,29,0.2717894858356493,29,0.17874853929568982,0.09304094653995951,DSS
Artemi Panarin,31,0.6854880799163674,31,0.5951678506549327,0.09032022926143468,DSS
Arthur Kaliyev,18,0.23428814005481835,18,0.1695600323792961,0.06472810767552226,DSS
Arttu Hyry,3,0.08116314847758506,3,0.0038030954698721566,0.0773600530077129,DSS
Artturi Lehkonen,29,0.4874731697387191,29,0.5041875236764036,-0.0167143539376845,RF
Artur Akhtyamov,2,0.08116314847758506,2,0.003901151940226555,0.0772619965373585,DSS
Arturs Silovs,20,0.08360139874571411,20,0.002287374250590801,0.0813140244951233,DSS
Artyom Levshunov,8,0.18375751519000433,8,0.12843023613095284,0.05532727905905149,DSS
Arvid Soderblom,11,0.08282559184221852,11,0.002527635544538498,0.08029795629768002,DSS
Arvid Söderblom,21,0.08493663103540382,21,0.00218818656035832,0.0827484444750455,DSS
Austin Baker,2,0.08116314847758506,2,0.0042442940175533295,0.07691885446003173,DSS
Austin Strand,2,0.08116314847758506,2,0.0042442940175533295,0.07691885446003173,DSS
Austin Watson,7,0.35311028986148,7,0.14828394300171308,0.20482634685976694,DSS
Auston Matthews,32,0.6329734504689004,32,0.460941421915777,0.17203202855312338,DSS
Axel Jonsson-Fjallby,3,0.08522689892446683,3,0.003766734153032303,0.08146016477143453,DSS
Aydar Suniev,4,0.08421096131274639,4,0.0034445375204086304,0.08076642379233775,DSS
Barclay Goodrow,30,0.28329014529964436,30,0.23832445566852886,0.044965689631115496,DSS
Barrett Hayton,32,0.46831144710279193,32,0.5599937587976456,-0.09168231169485364,RF
Beck Malenstyn,32,0.24812798095144872,32,0.19179582549259067,0.05633215545885806,DSS
Ben Chiarot,32,0.2252724042607697,32,0.1591163999401033,0.0661560043206664,DSS
Ben Hutton,30,0.17190735820886463,30,0.06982058870295683,0.1020867695059078,DSS
Ben Jones,14,0.08290475581196297,14,0.002544528671673366,0.0803602271402896,DSS
Ben Meyers,5,0.08482052387977865,5,0.003407406806945801,0.08141311707283284,DSS
Blake Coleman,32,0.4136352587778627,32,0.4436786813894287,-0.03004342261156595,RF
Blake Lizotte,27,0.21632705290878088,27,0.18839539063197594,0.027931662276804936,DSS
Bo Horvat,31,0.40879740742354637,31,0.4185151198818799,-0.009717712458333527,RF
Bobby Brink,32,0.47915889931066064,32,0.542202586075291,-0.0630436867646304,RF
Bobby McMann,33,0.2335333853348855,33,0.15721713920885866,0.07631624612602683,DSS
Bokondji Imama,13,0.2399643900255365,13,0.15873434795783117,0.08123004206770532,DSS
Boone Jenner,12,0.40290014303516136,12,0.34118610185881454,0.06171404117634682,DSS
Bowen Byram,32,0.31311984894288614,32,0.26042743283323944,0.0526924161096467,DSS
Brad Lambert,5,0.5824622386730267,5,0.5971316203474999,-0.01466938167447318,RF
Brad Marchand,36,0.48043388739986637,36,0.5121633581196269,-0.03172947071976051,RF
Braden Schneider,31,0.2493994777484781,31,0.19689553663615258,0.05250394111232551,DSS
Bradly Nadeau,2,0.31906359921549565,2,0.5076310578733683,-0.1885674586578726,RF
Brady Cleveland,2,0.08116314847758506,2,0.0042442940175533295,0.07691885446003173,DSS
Brady Skjei,32,0.42604185291554736,32,0.44386674428824335,-0.017824891372695995,RF
Brady Tkachuk,34,0.4242921613070597,34,0.45299734125899915,-0.02870517995193944,RF
Brandon Carlo,37,0.27705597921975245,37,0.2223516186145512,0.05470436060520126,DSS
Brandon Duhaime,35,0.26620274175608233,35,0.20500047951936723,0.0612022622367151,DSS
Brandon Hagel,33,0.39257544236834035,33,0.30347894064404746,0.0890965017242929,DSS
Brandon Halverson,2,0.08725877414790771,2,0.0041860900819301605,0.08307268406597755,DSS
Brandon Montour,31,0.4623519160475854,31,0.5050376389295824,-0.04268572288199701,RF
Brandon Saad,34,0.17188963356851486,34,0.12131690168205429,0.05057273188646057,DSS
Brandon Tanev,35,0.18452868658184574,35,0.037685389071702956,0.14684329751014277,DSS
Brandt Clarke,34,0.27233728711953153,34,0.2396035860566532,0.032733701062878345,DSS
Brayden McNabb,36,0.24844915605268744,36,0.17272051268567643,0.07572864336701102,DSS
Brayden Pachal,32,0.37695220002510604,32,0.35115437861531973,0.025797821409786315,DSS
Brayden Point,33,0.4259260985001713,33,0.4567059923076268,-0.030779893807455494,RF
Brayden Schenn,34,0.4266796605876357,34,0.503319343113724,-0.07663968252608827,RF
Brayden Yager,3,0.08116314847758506,3,0.003719399372736613,0.07744374910484844,DSS
Braydon McCallum,1,0.08116314847758506,1,0.004292517900466919,0.07687063057711814,DSS
Brendan Brisson,6,0.08116314847758506,6,0.0028653920938571296,0.07829775638372793,DSS
Brendan Gallagher,34,0.37172980726061106,34,0.38515267532099695,-0.013422868060385895,RF
Brendan Gaunce,14,0.1516631602494651,14,0.07603614591062069,0.07562701433884442,DSS
Brendan Lemieux,2,0.20580097267584618,2,0.006069596856832504,0.19973137581901368,DSS
Brendan Smith,35,0.22808947975465702,35,0.17428801070366587,0.053801469050991146,DSS
Brenden Dillon,34,0.17126925307377136,34,0.09128752044018577,0.07998173263358559,DSS
Brennan Ali,2,0.08116314847758506,2,0.0042442940175533295,0.07691885446003173,DSS
Brennan Othmann,10,0.2813837944544165,10,0.20584283545613288,0.07554095899828364,DSS
Brent Burns,36,0.2975643478372672,36,0.22955804587238365,0.06800630196488355,DSS
Brett Berard,17,0.3596055912881652,17,0.29799040845211816,0.061615182836047055,DSS
Brett Howden,36,0.35308743022399347,36,0.3653371383746465,-0.012249708150653016,RF
Brett Kulak,36,0.23003471040617768,36,0.08753347790075673,0.14250123250542096,DSS
Brett Leason,32,0.3440430607061156,32,0.2548638664884493,0.08917919421766635,DSS
Brett Murray,2,0.08116314847758506,2,0.004206892102956772,0.07695625637462829,DSS
Brett Pesce,31,0.27511702294459245,31,0.20099143239278947,0.07412559055180298,DSS
Brian Dumoulin,34,0.23414792868961076,34,0.15236461699447212,0.08178331169513864,DSS
Brian Halonen,5,0.08482052387977865,5,0.0033530957996845247,0.08146742808009412,DSS
Brock Boeser,32,0.45728331490593577,32,0.4151053426321596,0.042177972273776176,DSS
Brock Faber,34,0.1706859622857696,34,0.12625904479885802,0.04442691748691158,DSS
Brock McGinn,12,0.2093795492803466,12,0.08765953717132409,0.12172001210902252,DSS
Brock Nelson,33,0.42566709490588733,33,0.48342700641263614,-0.05775991150674881,RF
Brogan Rafferty,2,0.08116314847758506,2,0.004027135670185089,0.07713601280739997,DSS
Bryan Rust,30,0.6809895738933874,30,0.6964703302830457,-0.01548075638965829,RF
Bryce Montgomery,1,0.08116314847758506,1,0.004292517900466919,0.07687063057711814,DSS
Cade Webber,3,0.08116314847758506,3,0.0036306269466876984,0.07753252153089736,DSS
Cale Fleury,13,0.15812044384672305,13,0.08150475959365185,0.0766156842530712,DSS
Cale Makar,34,0.439795869994301,34,0.32956352002699585,0.11023234996730513,DSS
Caleb Jones,8,0.08268705489516573,8,0.0027846121229231358,0.0799024427722426,DSS
Callahan Burke,4,0.3329057729666038,4,0.2566674929112196,0.07623828005538419,DSS
Calle Jarnkrok,14,0.12479069421706875,14,0.0026151476694004877,0.12217554654766825,DSS
Calum Ritchie,4,0.2152593256418531,4,0.003726845607161522,0.21153248003469158,DSS
Calvin Pickard,36,0.11150507229260152,36,0.03066666258705987,0.08083840970554165,DSS
Calvin de Haan,33,0.24769193573380865,33,0.185767641911904,0.06192429382190465,DSS
Cam Atkinson,30,0.30326716058729253,30,0.2729008083542188,0.030366352233073712,DSS
Cam Dineen,6,0.08522689892446683,6,0.0032290921856959662,0.08199780673877087,DSS
Cam Fowler,31,0.6092801514934268,31,0.6951949865587296,-0.08591483506530273,RF
Cam Talbot,32,0.08306803149956088,32,0.0022922104690223932,0.08077582103053849,DSS
Cam York,27,0.23077131017833136,27,0.11451082869812294,0.11626048148020841,DSS
Cameron Crotty,5,0.08482052387977865,5,0.0033454574644565583,0.0814750664153221,DSS
Cameron Lund,6,0.2311272210294469,6,0.00405300036072731,0.2270742206687196,DSS
Carl Grundstrom,31,0.2957546784734042,31,0.26399692424362703,0.03175775422977717,DSS
Carl Lindbom,3,0.08116314847758506,3,0.003546298791964849,0.07761684968562022,DSS
Carson Bantle,2,0.08116314847758506,2,0.0042442940175533295,0.07691885446003173,DSS
Carson Lambos,2,0.08116314847758506,2,0.003971809521317482,0.07719133895626758,DSS
Carson Soucy,32,0.27431519832398416,32,0.19155873882118613,0.08275645950279803,DSS
Carter Kowalyk,1,0.08116314847758506,1,0.004292517900466919,0.07687063057711814,DSS
Carter Mazur,2,0.08116314847758506,2,0.003853093832731247,0.07731005464485381,DSS
Carter Verhaeghe,36,0.6159317757420079,36,0.681072768341336,-0.06514099259932815,RF
Carter Yakemchuk,2,0.2784540769807614,2,0.09624437987804413,0.18220969710271728,DSS
Casey Cizikas,31,0.35301185546351926,31,0.2970889899278841,0.05592286553563519,DSS
Casey DeSmith,35,0.11288217995943083,35,0.03179519602230617,0.08108698393712466,DSS
Casey Mittelstadt,32,0.33529296830336197,32,0.4294251400278881,-0.09413217172452615,RF
Cayden Primeau,15,0.08319502370102594,15,0.002410599340995153,0.08078442436003079,DSS
Chad Ruhwedel,9,0.18676608300918338,9,0.11744352968202697,0.06932255332715641,DSS
Chandler Stephenson,31,0.3227903920076339,31,0.3542168996026439,-0.031426507595010034,RF
Charles-Alexis Legault,1,0.08116314847758506,1,0.004292517900466919,0.07687063057711814,DSS
Charlie Coyle,35,0.2567072105476721,35,0.2913864041013377,-0.03467919355366561,RF
Charlie Forslund,2,0.08116314847758506,2,0.0042442940175533295,0.07691885446003173,DSS
Charlie Lindgren,34,0.08403167820479572,34,0.0022070574409821454,0.08182462076381357,DSS
Charlie McAvoy,20,0.5555813513319297,20,0.5080163368955255,0.04756501443640415,DSS
Chris Driedger,9,0.08454960718331987,9,0.0027164175278610652,0.08183318965545881,DSS
Chris Kreider,28,0.39103164187493805,28,0.36864510431353537,0.022386537561402686,DSS
Chris Wagner,13,0.15614844951340626,13,0.08131034614948127,0.07483810336392499,DSS
Christian Dvorak,34,0.4246581804367653,34,0.44652594110983257,-0.021867760673067282,RF
Christian Fischer,33,0.2548882855640126,33,0.24606001185196819,0.008828273712044421,DSS
Christopher Tanev,34,0.20189407420481784,34,0.09151910398812856,0.11037497021668928,DSS
Clark Bishop,4,0.32040116571300153,4,0.25662826281040907,0.06377290290259247,DSS
Claude Giroux,34,0.4200799410095527,34,0.4948170163175639,-0.07473707530801121,RF
Clay Stevenson,2,0.08725877414790771,2,0.004485407844185829,0.08277336630372188,DSS
Clayton Keller,32,0.5164188617138561,32,0.46231268730480224,0.05410617440905385,DSS
Cody Ceci,37,0.19519964761834543,37,0.1130473582527122,0.08215228936563324,DSS
Cody Glass,31,0.23927461140351391,31,0.1351459342385492,0.10412867716496471,DSS
Cole Caufield,34,0.2990314244642105,34,0.24655852937961326,0.05247289508459724,DSS
Cole Koepke,30,0.3545629810837975,30,0.28623231363793217,0.06833066744586536,DSS
Cole Perfetti,36,0.3789548017830224,36,0.38952961057010627,-0.01057480878708389,RF
Cole Reinhardt,14,0.15125847502208195,14,0.0750833268144301,0.07617514820765185,DSS
Cole Schwindt,30,0.31749979324826083,30,0.2719445675611496,0.045555225687111234,DSS
Cole Sillinger,28,0.3427257253434064,28,0.3618032655545643,-0.01907754021115793,RF
Cole Smith,28,0.21537280594574074,28,0.14746476590101207,0.06790804004472867,DSS
Colin Blackwell,35,0.21801682115546214,35,0.11929928990347045,0.09871753125199169,DSS
Colin Miller,36,0.2456742397090668,36,0.1434781410627895,0.1021960986462773,DSS
Colin White,3,0.08725877414790771,3,0.003867119550704956,0.08339165459720276,DSS
Collin Graf,14,0.2914837537954632,14,0.1496538743376732,0.14182987945779002,DSS
Colten Ellis,1,0.08116314847758506,1,0.004335299134254456,0.0768278493433306,DSS
Colton Dach,16,0.15106630966573836,16,0.06451219459995627,0.08655411506578209,DSS
Colton Parayko,34,0.46407944919142824,34,0.5356762126526412,-0.07159676346121296,RF
Colton Sissons,32,0.16730830795171825,32,0.003795829019509256,0.163512478932209,DSS
Colton White,5,0.08482052387977865,5,0.003224293887615204,0.08159622999216344,DSS
Connor Bedard,33,0.4919618551451718,33,0.5581019966665542,-0.06614014152138242,RF
Connor Brown,36,0.3732021915871477,36,0.33838360684199464,0.034818584745153036,DSS
Connor Clifton,32,0.2813406060137751,32,0.2545658656163141,0.026774740397460972,DSS
Connor Dewar,23,0.2892822083078726,23,0.26563484950558,0.02364735880229263,DSS
Connor Hellebuyck,36,0.11218236403374848,36,0.030969186685979366,0.08121317734776912,DSS
Connor Ingram,16,0.1643289804924951,16,0.06636259332299232,0.09796638716950279,DSS
Connor Lockhart,1,0.08116314847758506,1,0.004292517900466919,0.07687063057711814,DSS
Connor Mackey,2,0.08116314847758506,2,0.0039140935987234116,0.07724905487886165,DSS
Connor McDavid,36,0.6947847124787879,36,0.6491307586224543,0.04565395385633364,DSS
Connor McMichael,35,0.405688333702694,35,0.44405556193419865,-0.038367228231504624,RF
Connor Murphy,29,0.14821891719045313,29,0.0394222139027612,0.10879670328769193,DSS
Connor Zary,26,0.25746555853599346,26,0.1215137830720498,0.13595177546394366,DSS
Conor Garland,32,0.4454328520519074,32,0.49400839186273515,-0.04857553981082774,RF
Conor Geekie,23,0.27995690066527174,23,0.18030911667839342,0.09964778398687832,DSS
Conor Sheary,4,0.08725877414790771,4,0.0035975035279989243,0.08366127061990879,DSS
Conor Timmins,32,0.29031039047630597,32,0.25496357772499323,0.03534681275131274,DSS
Corey Perry,36,0.4161706907441899,36,0.42513602537413436,-0.008965334629944477,RF
Corey Schueneman,4,0.32040116571300153,4,0.25700612366199493,0.0633950420510066,DSS
Craig Smith,28,0.15529049453614796,28,0.07459248828568629,0.08069800625046167,DSS
Cross Hanas,2,0.08116314847758506,2,0.0042442940175533295,0.07691885446003173,DSS
Curtis Lazar,30,0.21506046507993892,30,0.170652316386501,0.04440814869343793,DSS
Cutter Gauthier,32,0.4393421309325209,32,0.49981336190830916,-0.06047123097578827,RF
Daemon Hunt,4,0.08725877414790771,4,0.003765667788684368,0.08349310635922334,DSS
Dakota Joshua,22,0.24212567208034394,22,0.13957308097319168,0.10255259110715226,DSS
Dakota Mermis,11,0.17377512273301798,11,0.0958676775070754,0.07790744522594259,DSS
Dalibor Dvorsky,4,0.5231500343282202,4,0.5036844257265329,0.019465608601687223,DSS
Damon Severson,32,0.1823386760706174,32,0.06501195358578116,0.11732672248483625,DSS
Dan Vladar,31,0.11457492816045287,31,0.03539823920976731,0.07917668895068555,DSS
Daniel Sprong,24,0.2763132363215593,24,0.21358390245586634,0.06272933386569296,DSS
Daniil Miromanov,32,0.2964584144037138,32,0.2546443137107417,0.04181410069297209,DSS
Daniil Misyul,2,0.18079175816864157,2,0.004703111946582794,0.17608864622205878,DSS
Daniil Tarasov,32,0.11529781276947856,32,0.03397452330682427,0.0813232894626543,DSS
Danil Gushchin,7,0.8966486929997994,7,0.9737152741955859,-0.07706658119578647,RF
Dante Fabbro,33,0.35133056190648754,33,0.33647363486163545,0.014856927044852086,DSS
Danton Heinen,32,0.33422739230898024,32,0.35002655803691596,-0.015799165727935716,RF
Darcy Kuemper,31,0.11677832512901343,31,0.035529988547486645,0.08124833658152678,DSS
Darnell Nurse,36,0.2929425466248433,36,0.19935348267770475,0.09358906394713856,DSS
Darren Raddysh,33,0.37365261656247234,33,0.3698366985402324,0.0038159180222399613,DSS
David Gustafsson,36,0.24087520365856133,36,0.19906353836672175,0.04181166529183958,DSS
David Jiricek,16,0.2571333412175559,16,0.19104127888567746,0.06609206233187842,DSS
David Kampf,32,0.1651068932900672,32,0.06427724496461451,0.10082964832545269,DSS
David Pastrnak,32,0.9521321412575038,32,0.7390250652097166,0.21310707604778723,DSS
David Perron,29,0.23927608093358832,29,0.17671927899636072,0.0625568019372276,DSS
David Rittich,34,0.08510737685249972,34,0.002068552243358949,0.08303882460914078,DSS
David Savard,34,0.23253357168407507,34,0.15056886228130145,0.08196470940277362,DSS
Dawson Mercer,34,0.44243777623914105,34,0.44860906668883915,-0.006171290449698108,RF
Declan Carlile,3,0.1375954134480001,3,0.007489646474520366,0.13010576697347975,DSS
Declan Chisholm,34,0.2028638937380894,34,0.12058714032173157,0.08227675341635785,DSS
Dennis Cholowski,30,0.3512404040666437,30,0.27102725294729074,0.08021315111935295,DSS
Dennis Gilbert,34,0.23678948559678017,34,0.18169129760388067,0.055098187992899506,DSS
Dennis Hildeby,11,0.08504218299506311,11,0.0025207881223071704,0.08252139487275593,DSS
Denton Mateychuk,20,0.3253599545455793,20,0.2543535986915231,0.07100635585405624,DSS
Derek Forbort,28,0.2802223317629468,28,0.21931993748460496,0.06090239427834185,DSS
Derek Ryan,24,0.2609439384646068,24,0.21279731842999658,0.048146620034610205,DSS
Devin Shore,25,0.25260834506321045,25,0.20405265420675278,0.04855569085645767,DSS
Devon Levi,8,0.08268705489516573,8,0.0027424925938248634,0.07994456230134087,DSS
Devon Toews,34,0.4733183325626489,34,0.5298310945577481,-0.05651276199509925,RF
Dmitri Buchelnikov,2,0.08116314847758506,2,0.0042442940175533295,0.07691885446003173,DSS
Dmitri Voronkov,29,0.4223442800761564,29,0.41658075012523554,0.0057635299509208315,DSS
Dmitry Kulikov,36,0.24154916402894397,36,0.1439420110028651,0.09760715302607886,DSS
Dmitry Orlov,36,0.24105851315343088,36,0.22405707918935353,0.017001433964077356,DSS
Domenick Fensore,2,0.08116314847758506,2,0.003993706777691841,0.07716944169989322,DSS
Dominic Toninato,10,0.08482052387977865,10,0.0026590343564748763,0.08216148952330377,DSS
Dominik Shine,8,0.20230606351287395,8,0.1298998068086803,0.07240625670419365,DSS
Donovan Sebrango,5,0.43353353202402856,5,0.4033232286572456,0.03021030336678293,DSS
Dougie Hamilton,34,0.3067304146345687,34,0.2656789081280722,0.04105150650649647,DSS
Drake Batherson,34,0.5391886992022941,34,0.5852888079688829,-0.046100108766588876,RF
Drake Caggiula,4,0.3329057729666038,4,0.2566674929112196,0.07623828005538419,DSS
Drew Commesso,4,0.08725877414790771,4,0.0038303593173623085,0.0834284148305454,DSS
Drew Doughty,16,0.4224600442711115,16,0.3822078548837453,0.04025218938736619,DSS
Drew Helleson,26,0.25985637515217885,26,0.19956274817769343,0.060293626974485426,DSS
Drew O'Connor,34,0.2565206207249207,34,0.15205800708602457,0.10446261363889614,DSS
Dryden Hunt,10,0.3553360829416589,10,0.30585107281804086,0.049485010123618056,DSS
Dustin Tokarski,8,0.08573486773032704,8,0.0029577971436083317,0.08277707058671871,DSS
Dustin Wolf,31,0.1739402809686277,31,0.10069203424838281,0.0732482467202449,DSS
Dylan Coghlan,20,0.08421096131274637,20,0.002202029898762703,0.08200893141398367,DSS
Dylan Cozens,34,0.49054217965678776,34,0.5352969223304707,-0.0447547426736829,RF
Dylan DeMelo,36,0.22092940618125878,36,0.11721364305251175,0.10371576312874703,DSS
Dylan Gambrell,3,0.08319502370102594,3,0.003926262259483337,0.0792687614415426,DSS
Dylan Guenther,28,0.35147368781869737,28,0.41414852194221957,-0.0626748341235222,RF
Dylan Holloway,34,0.21905001261288554,34,0.1446397070060758,0.07441030560680972,DSS
Dylan James,2,0.08116314847758506,2,0.0042442940175533295,0.07691885446003173,DSS
Dylan Larkin,32,0.5044709156175627,32,0.5151697140536271,-0.01069879843606436,RF
Dylan McIlrath,35,0.1432867151879087,35,0.060762983773435864,0.08252373141447283,DSS
Dylan Samberg,29,0.24950808107496314,29,0.14420216813169676,0.10530591294326638,DSS
Dylan Strome,35,0.48119746493871957,35,0.38757669510585924,0.09362076983286033,DSS
Dysin Mayo,3,0.08116314847758506,3,0.0034683930377165475,0.07769475543986851,DSS
Eeli Tolvanen,31,0.32050674472639806,31,0.3259913110204281,-0.005484566294030047,RF
Eemil Viro,2,0.08116314847758506,2,0.0042442940175533295,0.07691885446003173,DSS
Eetu Luostarinen,36,0.2812345584511632,36,0.22794281805141103,0.05329174039975215,DSS
Egor Zamula,31,0.22071069056248616,31,0.16540687471147505,0.0553038158510111,DSS
Elias Lindholm,32,0.5768527016574939,32,0.6957392523763701,-0.11888655071887622,RF
Elias Nils Pettersson,14,0.28488471727893805,14,0.21985121177775518,0.06503350550118286,DSS
Elias Pettersson,31,0.26142434722325425,31,0.2251517771472854,0.036272570075968846,DSS
Elias Salomonsson,5,0.08238227361164958,5,0.003216187655925751,0.07916608595572383,DSS
Elmer Soderblom,15,0.19447454332439454,15,0.07017844642202059,0.12429609690237395,DSS
Elvis Merzlikins,32,0.12448797525149034,32,0.03387230739463121,0.09061566785685914,DSS
Emil Andrae,20,0.37486182513680444,20,0.3450012143701315,0.029860610766672957,DSS
Emil Bemstrom,9,0.1930009779741536,9,0.1169228818681505,0.0760780961060031,DSS
Emil Heineman,32,0.19216638219677196,32,0.06629518477711827,0.1258711974196537,DSS
Emil Lilleberg,33,0.22587806374527292,33,0.1264085452439207,0.09946951850135222,DSS
Eric Comrie,35,0.08429804167946527,35,0.0021803606833730427,0.08211768099609222,DSS
Eric Robinson,36,0.4025568991222694,36,0.3854751279577613,0.017081771164508097,DSS
Erik Brannstrom,16,0.3055166777427777,16,0.19346600607968867,0.11205067166308902,DSS
Erik Cernak,33,0.17407762605615748,33,0.09399034252220934,0.08008728353394814,DSS
Erik Gudbranson,8,0.23520319333609963,8,0.1291482769884169,0.10605491634768272,DSS
Erik Gustafsson,32,0.12549215992220875,32,0.003183337743394077,0.12230882217881467,DSS
Erik Haula,31,0.26725727242803204,31,0.19970963018075114,0.06754764224728091,DSS
Erik Johnson,34,0.23557785206325116,34,0.18149508141419468,0.05408277064905648,DSS
Erik Karlsson,33,0.40378328761455423,33,0.4016556146018433,0.00212767301271094,DSS
Erik Portillo,2,0.08725877414790771,2,0.004129644483327866,0.08312912966457985,DSS
Esa Lindell,35,0.2127121206389196,35,0.11815958885209901,0.09455253178682058,DSS
Ethan Bear,4,0.08116314847758506,4,0.0031885746866464615,0.0779745737909386,DSS
Ethan Cardwell,5,0.17131529057918876,5,0.006052611023187637,0.16526267955600113,DSS
Ethan Del Mastro,13,0.1803347114567358,13,0.17062705296736497,0.00970765848937083,DSS
Ethen Frank,20,0.2532224370727186,20,0.2054086085408926,0.047813828531825975,DSS
Evan Bouchard,36,0.5980753181704681,36,0.5108676105737686,0.08720770759669949,DSS
Evan Rodrigues,36,0.29684024614915316,36,0.22845294419676065,0.06838730195239251,DSS
Evander Kane,4,0.5366285687969843,4,0.5179619388654828,0.018666629931501477,DSS
Evgeni Malkin,31,0.493727252513651,31,0.513918456891852,-0.02019120437820099,RF
Evgenii Dadonov,35,0.41964501687649713,35,0.3648991239922387,0.05474589288425841,DSS
Fabian Lysell,7,0.2660044505923443,7,0.2913504290793623,-0.025345978487018028,RF
Fabian Zetterlund,36,0.2809528858390495,36,0.2257173072753681,0.05523557856368139,DSS
Fedor Svechkov,21,0.31086627869323136,21,0.2442467390071778,0.06661953968605355,DSS
Felix Unger-Sorum,1,3.0,1,3.1237189769744873,-0.1237189769744873,RF
Filip Chytil,30,0.11901321964955162,30,0.003901690368851026,0.11511152928070059,DSS
Filip Forsberg,32,0.5103498481816071,32,0.5283432165160775,-0.017993368334470405,RF
Filip Gustavsson,33,0.14498754260855848,33,0.06388418444178322,0.08110335816677526,DSS
Filip Hronek,25,0.46109948156628117,25,0.5253751586377621,-0.06427567707148091,RF
Filip Kral,2,0.08725877414790771,2,0.004477415233850479,0.08278135891405723,DSS
Fisher Scott,2,0.08116314847758506,2,0.0042442940175533295,0.07691885446003173,DSS
Frank Nazar,22,0.5430185176253122,22,0.5611512080173601,-0.0181326903920479,RF
Frank Vatrano,32,0.5019851904744861,32,0.5392549495445564,-0.03726975907007035,RF
Fraser Minten,11,0.2194262481619168,11,0.09578776833685962,0.12363847982505718,DSS
Frederick Gaudreau,34,0.29627574775843657,34,0.2644146254614872,0.031861122296949373,DSS
Frederik Andersen,35,0.1107564390538394,35,0.03183972090482712,0.07891671814901229,DSS
Fyodor Avramov,1,0.08116314847758506,1,0.004292517900466919,0.07687063057711814,DSS
Gabriel Landeskog,3,0.16493393928824537,3,0.02493998408317566,0.13999395520506971,DSS
Gabriel Perreault,4,0.08421096131274639,4,0.003503362648189068,0.08070759866455732,DSS
Gabriel Seger,2,0.08116314847758506,2,0.0042442940175533295,0.07691885446003173,DSS
Gabriel Vilardi,36,0.3021496752254942,36,0.2547051692381501,0.047444505987344066,DSS
Gage Goncalves,26,0.4660910370968948,26,0.430161933772839,0.0359291033240558,DSS
Garnet Hathaway,32,0.2002050372962311,32,0.09753622813150287,0.10266880916472823,DSS
Georgi Merkulov,3,0.13745206928568066,3,0.007106839368740718,0.13034522991693995,DSS
Georgi Romanov,8,0.08268705489516573,8,0.002841678913682699,0.07984537598148303,DSS
Givani Smith,16,0.08344900810395606,16,0.0025215940549969673,0.08092741404895909,DSS
Gleb Trikozov,1,0.0011842949923079882,1,0.009026408195495605,-0.007842113203187617,RF
Grant Hutton,9,0.31350416632410855,9,0.2318368318180243,0.08166733450608424,DSS
Guillaume Brisebois,5,0.08603964901384319,5,0.0035567432641983032,0.08248290574964488,DSS
Gustav Forsling,36,0.24304458191932252,36,0.22464671524034607,0.018397866678976443,DSS
Gustav Nyquist,34,0.24184281191066126,34,0.1797033291967476,0.062139482713913646,DSS
Gustav Olofsson,6,0.08522689892446683,6,0.003367121641834577,0.08185977728263226,DSS
Hampus Lindholm,8,0.3260377015862268,8,0.2526879021897912,0.0733497993964356,DSS
Hayden Hodgson,5,0.08482052387977865,5,0.0033808983862400055,0.08143962549353864,DSS
Haydn Fleury,32,0.27136827579917233,32,0.2526727500371635,0.018695525762008836,DSS
Helge Grans,3,0.13745206928568066,3,0.00825814406077067,0.12919392522491,DSS
Hendrix Lapierre,14,0.3046153140575357,14,0.22001807897218637,0.08459723508534936,DSS
Henri Jokiharju,31,0.28798077300849123,31,0.26117676075908447,0.02680401224940676,DSS
Henry Thrun,31,0.29067127209106863,31,0.23080345976256555,0.05986781232850308,DSS
Hudson Fasching,25,0.24428048198713803,25,0.16581201136112214,0.07846847062601589,DSS
Hunter Haight,2,0.08116314847758506,2,0.004151483997702599,0.07701166447988246,DSS
Hunter Johannes,2,0.08116314847758506,2,0.0042442940175533295,0.07691885446003173,DSS
Hunter Shepard,4,0.08421096131274639,4,0.0036147814244031906,0.0805961798883432,DSS
Ian Cole,32,0.2163641541495122,32,0.16020026220940053,0.056163891940111677,DSS
Ian Mitchell,9,0.1950806345850343,9,0.11587723717093468,0.07920339741409962,DSS
Ian Moore,2,0.46001057325736144,2,0.5062724724411964,-0.046261899183835,RF
Igor Shesterkin,30,0.08400777379040231,30,0.0022409168382485707,0.08176685695215373,DSS
Ilya Lyubushkin,35,0.31369423411590874,35,0.2352980440216405,0.07839619009426824,DSS
Ilya Mikheyev,32,0.35022124016996664,32,0.37468151608482003,-0.02446027591485339,RF
Ilya Samsonov,35,0.112371984401602,35,0.0318036542407104,0.0805683301608916,DSS
Ilya Solovyov,3,0.12092260377653037,3,0.0078902468085289,0.11303235696800147,DSS
Ilya Sorokin,31,0.18684339881869852,31,0.10073744974309398,0.08610594907560454,DSS
Isaac Poulter,4,0.08421096131274639,4,0.003387599252164364,0.08082336206058202,DSS
Isaak Phillips,8,0.08421096131274639,8,0.0028766393661499023,0.08133432194659648,DSS
Isac Lundestrom,32,0.2192453985961504,32,0.1610207116464153,0.058224686949735094,DSS
Isaiah George,14,0.2736881994786999,14,0.21862322597631387,0.05506497350238601,DSS
Isak Rosen,6,0.24159942549842342,6,0.1738379281014204,0.06776149739700302,DSS
Ivan Barbashev,34,0.2992452121578825,34,0.38147551073309255,-0.08223029857521003,RF
Ivan Demidov,4,0.6178626282805628,4,0.5209749415516853,0.09688768672887749,DSS
Ivan Fedotov,32,0.08382998470835122,32,0.0021809105528518558,0.08164907415549937,DSS
Ivan Ivan,16,0.18847417970646893,16,0.06751815648749471,0.12095602321897422,DSS
Ivan Miroshnichenko,9,0.22799842927114364,9,0.11445074776808421,0.11354768150305942,DSS
Ivan Provorov,32,0.34704334011604443,32,0.3182001335080713,0.028843206607973126,DSS
J.J. Moser,13,0.21967875550159496,13,0.15740733221173286,0.0622714232898621,DSS
J.T. Compher,32,0.30374443600001244,32,0.31742374564055353,-0.013679309640541093,RF
J.T. Miller,29,0.6023909447465197,29,0.4124085964827702,0.1899823482637495,DSS
JJ Peterka,32,0.50759472820603,32,0.38856930600013584,0.11902542220589418,DSS
Jaccob Slavin,36,0.3289784047870493,36,0.25489718932658434,0.07408121546046498,DSS
Jack Ahcan,2,0.08116314847758506,2,0.004372334107756615,0.07679081436982844,DSS
Jack Drury,34,0.26554741739135934,34,0.1515344282721772,0.11401298911918215,DSS
Jack Eichel,36,0.4600598191264545,36,0.36729631707486177,0.09276350205159273,DSS
Jack Finley,1,0.08116314847758506,1,0.00437396764755249,0.07678918083003257,DSS
Jack Hughes,24,0.5703067871435054,24,0.47131516109220684,0.09899162605129852,DSS
Jack Johnson,32,0.24206747870328604,32,0.1613881472731009,0.08067933143018513,DSS
Jack McBain,32,0.29403940441889564,32,0.2840553153073415,0.009984089111554129,DSS
Jack Phelan,2,0.08116314847758506,2,0.0042442940175533295,0.07691885446003173,DSS
Jack Quinn,32,0.5197441115400643,32,0.4996981490403414,0.020045962499722902,DSS
Jack Roslovic,36,0.4365212634780133,36,0.4503547317451901,-0.013833468267176796,RF
Jack St. Ivany,12,0.1665654270175921,12,0.08804847672581673,0.07851695029177538,DSS
Jack Thompson,20,0.39095979729700886,20,0.3086243737488985,0.08233542354811035,DSS
Jack Williams,5,0.08360139874571412,5,0.003143540769815445,0.08045785797589868,DSS
Jackson Blake,36,0.42291394051762177,36,0.4231631692705883,-0.0002492287529665127,RF
Jackson LaCombe,32,0.30069163689599293,32,0.3868285295320675,-0.08613689263607455,RF
Jacob Bernard-Docker,26,0.33578239675304256,26,0.3135431870245017,0.022239209728540876,DSS
Jacob Bryson,32,0.25970182786490836,32,0.22352143097668886,0.0361803968882195,DSS
Jacob Gaucher,2,0.08725877414790771,2,0.004286212846636772,0.08297256130127094,DSS
Jacob Markstrom,31,0.08450591094195556,31,0.002138604199694049,0.0823673067422615,DSS
Jacob Middleton,30,0.3052119414427222,30,0.17501739487051965,0.13019454657220253,DSS
Jacob Moverare,26,0.24624586109441718,26,0.2349571856455161,0.011288675448901081,DSS
Jacob Quillan,4,0.08116314847758506,4,0.0032993340864777565,0.0778638143911073,DSS
Jacob Trouba,32,0.31917522278553334,32,0.259045721613802,0.060129501171731325,DSS
Jaden Schwartz,31,0.4573675624905274,31,0.48400616117062106,-0.02663859868009366,RF
Jake Allen,33,0.08467275113625566,33,0.002146750914328026,0.08252600022192763,DSS
Jake Bean,32,0.27410434354795626,32,0.25543159793596715,0.018672745611989117,DSS
Jake Christiansen,32,0.26752231487086114,32,0.25599450373556465,0.011527811135296495,DSS
Jake DeBrusk,32,0.4557409759669083,32,0.49192011868581176,-0.036179142718903434,RF
Jake Evans,34,0.30493042967116757,34,0.30203519246595745,0.0028952372052101216,DSS
Jake Guentzel,33,0.5002327982303453,33,0.4362136722739899,0.0640191259563554,DSS
Jake Leschyshyn,2,0.08116314847758506,2,0.004111796617507935,0.07705135186007712,DSS
Jake Livingstone,2,0.08725877414790771,2,0.00445295125246048,0.08280582289544723,DSS
Jake Lucchini,2,0.08725877414790771,2,0.004355469718575478,0.08290330442933223,DSS
Jake McCabe,34,0.30598717539095155,34,0.21160611258271864,0.09438106280823291,DSS
Jake Neighbours,34,0.49617209910395227,34,0.5892475236426381,-0.09307542453868584,RF
Jake Oettinger,35,0.11145308198759056,35,0.03180410681026322,0.07964897517732733,DSS
Jake Sanderson,34,0.5266229167568932,34,0.531038324622547,-0.004415407865653753,RF
Jake Walman,36,0.3412842157693176,36,0.36699656769633293,-0.02571235192701532,RF
Jakob Chychrun,34,0.4264145747172949,34,0.409351199207937,0.01706337550935788,DSS
Jakob Pelletier,21,0.2749838592938628,21,0.2890337006676765,-0.014049841373813654,RF
Jakub Dobes,20,0.08421096131274637,20,0.0022772673517465593,0.08193369396099981,DSS
Jakub Lauko,23,0.20350630488158056,23,0.13310873719013255,0.070397567691448,DSS
Jakub Rychlovsky,2,0.08116314847758506,2,0.0042442940175533295,0.07691885446003173,DSS
Jakub Skarek,6,0.08319502370102595,6,0.003040130560596784,0.08015489314042917,DSS
Jakub Vrana,32,0.22208740231296611,32,0.1292352300370112,0.09285217227595491,DSS
Jalen Chatfield,36,0.31422902467952274,36,0.2552886927086446,0.05894033197087811,DSS
James Hamblin,3,0.08725877414790771,3,0.0040947919090588885,0.08316398223884883,DSS
James Malatesta,2,0.20580097267584618,2,0.005569973960518837,0.20023099871532735,DSS
James Reimer,31,0.08391601168353723,31,0.0022792506121820017,0.08163676107135523,DSS
James van Riemsdyk,32,0.3986073476253422,32,0.41265728254802525,-0.014049934922683027,RF
Jamie Benn,35,0.3398055351013992,35,0.45686761662364006,-0.11706208152224085,RF
Jamie Drysdale,28,0.21117258674059033,28,0.11101434991828033,0.10015823682231001,DSS
Jamie Oleksiak,31,0.3459681247858371,31,0.26514875648483155,0.08081936830100556,DSS
Jan Jenik,3,0.08319502370102595,3,0.0038298231860001883,0.07936520051502577,DSS
Jan Rutta,22,0.25544935756012216,22,0.1863167311318896,0.06913262642823256,DSS
Jani Hakanpaa,3,0.08319502370102594,3,0.003630995750427246,0.07956402795059869,DSS
Jani Nyman,5,0.34491516281633317,5,0.20646628588438035,0.13844887693195282,DSS
Janis Moser,10,0.542232030015754,10,0.4393110178411007,0.10292101217465333,DSS
Jansen Harkins,27,0.2772444345432987,27,0.22737395818586703,0.04987047635743169,DSS
Jared McCann,31,0.40347367629675707,31,0.3778249880959911,0.02564868820076599,DSS
Jared Spurgeon,31,0.286669820291198,31,0.2940115843328737,-0.007341764041675747,RF
Jaret Anderson-Dolan,10,0.24371160164181696,10,0.20598156675696372,0.03773003488485324,DSS
Jason Dickinson,29,0.1556944210801469,29,0.0038724292455048397,0.15182199183464204,DSS
Jason Robertson,35,0.36437879543743373,35,0.37937099060841967,-0.014992195170985934,RF
Jason Zucker,32,0.5000826925217076,32,0.5739098944468424,-0.07382720192513481,RF
Jaxson Stauber,12,0.0842109613127464,12,0.002520743136604627,0.08169021817614178,DSS
Jaycob Megna,8,0.08421096131274639,8,0.0029447986744344234,0.08126616263831196,DSS
Jayden Perron,1,0.08116314847758506,1,0.004292517900466919,0.07687063057711814,DSS
Jayden Struble,33,0.227175631977801,33,0.12431712719527158,0.10285850478252942,DSS
Jean-Gabriel Pageau,31,0.42530664093243253,31,0.4905295468145801,-0.06522290588214757,RF
Jeff Malott,7,0.22675768409140226,7,0.1489482591194766,0.07780942497192567,DSS
Jeff Petry,22,0.33461485859873785,22,0.3244851727715947,0.010129685827143131,DSS
Jeff Skinner,36,0.22883795023185488,36,0.19869904478804934,0.03013890544380554,DSS
Jeffrey Viel,4,0.08421096131274639,4,0.00367557629942894,0.08053538501331745,DSS
Jere Innala,8,0.08116314847758506,8,0.0027234037406742573,0.0784397447369108,DSS
Jeremy Lauzon,14,0.22734595530611074,14,0.14744922811431543,0.0798967271917953,DSS
Jeremy Swayman,31,0.08352274551125835,31,0.002287504052923572,0.08123524145833477,DSS
Jesper Boqvist,36,0.15299997524381748,36,0.003325225164492925,0.14967475007932454,DSS
Jesper Bratt,34,0.4408186731973538,34,0.38548327971468954,0.05533539348266425,DSS
Jesper Fast,2,0.08116314847758506,2,0.0042442940175533295,0.07691885446003173,DSS
Jesper Wallstedt,5,0.08482052387977865,5,0.0034499302506446838,0.08137059362913396,DSS
Jesperi Kotkaniemi,36,0.3145639741320437,36,0.28345084397329223,0.031113130158751445,DSS
Jesse Kiiskinen,2,0.08116314847758506,2,0.0042442940175533295,0.07691885446003173,DSS
Jesse Puljujärvi,24,0.18049623555244812,24,0.0546390344388783,0.12585720111356982,DSS
Jet Greaves,7,0.08377555947915191,7,0.002910499061856951,0.08086506041729496,DSS
Jett Luchanko,4,0.08421096131274639,4,0.003506234847009182,0.0807047264657372,DSS
Jimmy Schuldt,6,0.24268703519130355,6,0.17228946338097254,0.07039757181033102,DSS
Jimmy Snuggerud,6,0.3623713594656319,6,0.3361961953341961,0.026175164131435835,DSS
Jimmy Vesey,28,0.2873095470101415,28,0.2548663463177426,0.03244320069239892,DSS
Jiri Kulich,28,0.2437622741808598,28,0.18293915715600764,0.06082311702485216,DSS
Joakim Ryan,1,0.08116314847758506,1,0.004292517900466919,0.07687063057711814,DSS
Joe Snively,2,0.46001057325736144,2,0.5069276914000511,-0.04691711814268967,RF
Joe Veleno,33,0.26519987936619005,33,0.2150333777747371,0.050166501591452944,DSS
Joel Armia,34,0.2687495661262359,34,0.21272977912688956,0.056019786999346344,DSS
Joel Blomqvist,14,0.0855171668135298,14,0.0024669859558343887,0.08305018085769542,DSS
Joel Edmundson,34,0.21513433296857995,34,0.0939594570766477,0.12117487589193225,DSS
Joel Eriksson Ek,21,0.5243587668405804,21,0.5110865128891808,0.013272253951399526,DSS
Joel Farabee,33,0.21344211723413672,33,0.1533074164480874,0.06013470078604932,DSS
Joel Hanley,31,0.34354642059960344,31,0.2967986155661844,0.04674780503341902,DSS
Joel Hofer,34,0.11309796021827068,34,0.03228527680039406,0.08081268341787662,DSS
Joel Kiviranta,34,0.1648466740378689,34,0.06125758938929614,0.10358908464857276,DSS
Joey Anderson,16,0.14597681059138068,16,0.06624862388707697,0.0797281867043037,DSS
Joey Daccord,30,0.14952886398194826,30,0.07042715077598889,0.07910171320595936,DSS
John Beecher,32,0.27809510412946137,32,0.22510863526258618,0.05298646886687519,DSS
John Carlson,35,0.4563791632688814,35,0.4679512260215623,-0.011572062752680912,RF
John Gibson,27,0.11954074857595025,27,0.040496895710627236,0.079043852865323,DSS
John Hayden,14,0.2826488944563321,14,0.21930125541985035,0.06334763903648177,DSS
John Klingberg,14,0.4947781705679427,14,0.4387327347482954,0.05604543581964733,DSS
John Ludvig,15,0.21873219025290933,15,0.13786152799924214,0.08087066225366718,DSS
John Marino,16,0.22728533105173754,16,0.12896484346129,0.09832048759044754,DSS
John Tavares,34,0.5412024091272523,34,0.46123188142390814,0.07997052770334412,DSS
John Whipple,2,0.08116314847758506,2,0.0042442940175533295,0.07691885446003173,DSS
Johnathan Kovacevic,34,0.21071183235218394,34,0.12337725960156497,0.08733457275061897,DSS
Jon Merrill,34,0.22357606436470392,34,0.18014177953933969,0.04343428482536424,DSS
Jonah Gadjovich,36,0.24908053073588882,36,0.20001560087419218,0.04906492986169664,DSS
Jonas Brodin,28,0.22660165592322043,28,0.11934300498770815,0.10725865093551228,DSS
Jonas Johansson,33,0.08467275113625569,33,0.002177465142625751,0.08249528599362994,DSS
Jonas Rondbjerg,10,0.08482052387977863,10,0.0027655746787786485,0.08205494920099998,DSS
Jonas Siegenthaler,23,0.22450731281485392,23,0.17738273610239444,0.04712457671245948,DSS
Jonatan Berggren,32,0.26270051695831076,32,0.19152268674224615,0.07117783021606461,DSS
Jonathan Drouin,26,0.29274502258581375,26,0.26379165282616246,0.028953369759651293,DSS
Jonathan Huberdeau,32,0.4944425470568627,32,0.5123656906653196,-0.01792314360845687,RF
Jonathan Lekkerimaki,12,0.36535410379359384,12,0.258298228494823,0.10705587529877086,DSS
Jonathan Marchessault,32,0.4444568386204988,32,0.39591631561052054,0.04854052300997824,DSS
Jonathan Quick,30,0.124678744041318,30,0.036951034764448804,0.0877277092768692,DSS
Jonny Brodzinski,31,0.27794632274550374,31,0.23246423455495988,0.04548208819054386,DSS
Joona Koppanen,6,0.24073024013562036,6,0.17224490890900293,0.06848533122661743,DSS
Joonas Korpisalo,32,0.08344900810395606,32,0.002286255359649658,0.0811627527443064,DSS
Jordan Binnington,34,0.08403167820479572,34,0.002176561995464213,0.0818551162093315,DSS
Jordan Eberle,18,0.5454006757010167,18,0.6238079222126139,-0.07840724651159725,RF
Jordan Greenway,21,0.19307157913794532,21,0.09907542186833564,0.09399615726960968,DSS
Jordan Harris,32,0.19220408122556754,32,0.12975937291048467,0.062444708315082864,DSS
Jordan Kyrou,34,0.5185411610826058,34,0.4542457012130934,0.06429545986951246,DSS
Jordan Martinook,36,0.4041009482735146,36,0.42267326037916875,-0.018572312105654132,RF
Jordan Oesterle,26,0.3899887361350729,26,0.3911778074331008,-0.0011890712980279217,RF
Jordan Spence,34,0.2906051586514615,34,0.24009529095800483,0.050509867693456695,DSS
Jordan Staal,36,0.23915948485223282,36,0.14777900382048553,0.09138048103174728,DSS
Joseph Labate,3,0.1375954134480001,3,0.007945408423741659,0.12965000502425844,DSS
Joseph Woll,33,0.08430331927744825,33,0.0022081862570661488,0.0820951330203821,DSS
Josh Anderson,34,0.24802869674793998,34,0.17984413465156274,0.06818456209637724,DSS
Josh Brown,10,0.1792966056398807,10,0.10537687353789807,0.07391973210198263,DSS
Josh Doan,20,0.28591752697289663,20,0.253185392729938,0.03273213424295862,DSS
Josh Dunne,2,0.08725877414790771,2,0.0041680485010147095,0.083090725646893,DSS
Josh Filmon,2,0.08725877414790771,2,0.004485407844185829,0.08277336630372188,DSS
Josh Manson,29,0.2592921570735622,29,0.17731203614123936,0.08198012093232282,DSS
Josh Morrissey,36,0.418857745973041,36,0.3930688819123639,0.025788864060677097,DSS
Josh Norris,32,0.17884928138800302,32,0.0980800916440785,0.08076918974392452,DSS
Joshua Mahura,30,0.33016674516038125,30,0.30524886697530745,0.024917878185073794,DSS
Joshua Roy,10,0.30748598982122405,10,0.20416352525353432,0.10332246456768973,DSS
Josiah Slavin,1,0.0011842949923079882,1,0.03365480899810791,-0.03247051400579992,RF
Juha Jääskä,11,0.3728859811383206,11,0.2789615473963998,0.09392443374192083,DSS
Julien Gauthier,3,0.08522689892446683,3,0.00393008937438329,0.08129680955008355,DSS
Juraj Slafkovsky,34,0.4700941232030342,34,0.5599686461774742,-0.08987452297444004,RF
Justin Barron,32,0.2813106976826036,32,0.22252241102978587,0.05878828665281771,DSS
Justin Brazeau,35,0.19830528920509677,35,0.1171640378023897,0.08114125140270707,DSS
Justin Danforth,27,0.3002821685030951,27,0.23777028559534638,0.0625118829077487,DSS
Justin Dowling,30,0.31519038783309494,30,0.2789589670797189,0.03623142075337604,DSS
Justin Faulk,34,0.3353735206999563,34,0.2997303037520717,0.03564321694788458,DSS
Justin Holl,32,0.2884984813364422,32,0.2249638627981767,0.06353461853826547,DSS
Justin Hryckowian,3,0.331552878945009,3,0.3386746260027091,-0.0071217470577000785,RF
Justin Kirkland,9,0.2972014325727969,9,0.22505622025993136,0.07214521231286555,DSS
Justin Poirier,1,0.08116314847758506,1,0.004292517900466919,0.07687063057711814,DSS
Justin Robidas,2,0.27501675700861783,2,0.4956980347633362,-0.22068127775471835,RF
Justus Annunen,32,0.08459193791714155,32,0.0022225972497835755,0.08236934066735797,DSS
Juuse Saros,32,0.11509388595206355,32,0.03416849754285067,0.08092538840921287,DSS
Juuso Parssinen,33,0.2775483329421106,33,0.21444005936835753,0.0631082735737531,DSS
Juuso Valimaki,22,0.2401640204964749,22,0.18650975163010033,0.05365426886637456,DSS
K'Andre Miller,28,0.4627943046606641,28,0.5136884836746114,-0.05089417901394727,RF
Kaapo Kahkonen,4,0.08421096131274639,4,0.0035118265077471733,0.08069913480499921,DSS
Kaapo Kakko,30,0.4098414305089721,30,0.4739316638559103,-0.0640902333469382,RF
Kaedan Korczak,35,0.256754907731625,35,0.20491057879158428,0.051844328940040735,DSS
Kaiden Guhle,33,0.18546749955506553,33,0.09512500543937538,0.09034249411569015,DSS
Kailer Yamamoto,9,0.15894496613364514,9,0.005572085165315204,0.15337288096832993,DSS
Karel Vejmelka,31,0.12627697382522954,31,0.034864558327582576,0.09141241549764696,DSS
Karsen Dorwart,3,0.08319502370102594,3,0.003802783787250519,0.07939223991377542,DSS
Kasperi Kapanen,37,0.24640405968714701,37,0.17238137931437106,0.07402268037277596,DSS
Keaton Middleton,24,0.15155737652652865,24,0.0869110271645089,0.06464634936201975,DSS
Keegan Kolesar,36,0.2540371345994552,36,0.1726014864527517,0.08143564814670351,DSS
Kent Johnson,30,0.5241718701067736,30,0.5489687128613393,-0.02479684275456573,RF
Kevin Bahl,30,0.22715240808829243,30,0.17048820170263448,0.056664206385657945,DSS
Kevin Bicker,2,0.08116314847758506,2,0.0042442940175533295,0.07691885446003173,DSS
Kevin Fiala,34,0.49979641584697476,34,0.5242589259629741,-0.024462510115999314,RF
Kevin Gravel,3,0.12092260377653037,3,0.007249558965365092,0.11367304481116527,DSS
Kevin Hayes,31,0.2323767900718946,31,0.19803922334986349,0.034337566722031115,DSS
Kevin Korchinski,8,0.336983060427505,8,0.2570025082677603,0.0799805521597447,DSS
Kevin Labanc,22,0.18526462178797648,22,0.03594901582056826,0.14931560596740823,DSS
Kevin Lankinen,32,0.11335376025838312,32,0.034603888634592295,0.07874987162379082,DSS
Kevin Mandolese,2,0.08116314847758506,2,0.004206892102956772,0.07695625637462829,DSS
Kevin Rooney,30,0.304840959089429,30,0.27246014873186747,0.03238081035756152,DSS
Kevin Stenlund,32,0.350889784326314,32,0.3464613755932078,0.004428408733106237,DSS
Kiefer Sherwood,31,0.4194724457103499,31,0.4887842566015259,-0.069311810891176,RF
Kieffer Bellows,12,0.24273011361057684,12,0.17054193932563066,0.07218817428494617,DSS
Kienan Draper,2,0.08116314847758506,2,0.0042442940175533295,0.07691885446003173,DSS
Kirby Dach,23,0.32760711286108,23,0.3079628419616948,0.019644270899385197,DSS
Kirill Kaprizov,20,0.6384951261613039,20,0.6822147553786635,-0.04371962921735961,RF
Kirill Marchenko,32,0.37019450415535404,32,0.29001114261336625,0.0801833615419878,DSS
Klim Kostin,26,0.3050575332768391,26,0.2712537329643965,0.03380380031244262,DSS
Kris Letang,33,0.30514762267259876,33,0.33889485037688055,-0.03374722770428179,RF
Kurtis MacDermid,34,0.08474881063659838,34,0.002147918676628786,0.0826008919599696,DSS
Kyle Aucoin,2,0.08116314847758506,2,0.0042442940175533295,0.07691885446003173,DSS
Kyle Burroughs,34,0.18082620124831003,34,0.09214200002743918,0.08868420122087085,DSS
Kyle Capobianco,2,0.08116314847758506,2,0.0039140935987234116,0.07724905487886165,DSS
Kyle Connor,36,0.7616164146947759,36,0.6235979007970955,0.13801851389768038,DSS
Kyle MacLean,31,0.3328475729132657,31,0.2643350847065449,0.06851248820672085,DSS
Kyle Palmieri,31,0.31690653716736333,31,0.33260700599320475,-0.015700468825841418,RF
Landon Slaggert,14,0.31087015838847737,14,0.2208952648299081,0.08997489355856927,DSS
Lane Hutson,34,0.5611973626916659,34,0.4191241456086145,0.14207321708305137,DSS
Larry Keenan,2,0.08116314847758506,2,0.0042442940175533295,0.07691885446003173,DSS
Lars Eller,36,0.27645453618682286,36,0.17169787548482418,0.10475666070199868,DSS
Lawson Crouse,32,0.3051101175236186,32,0.1936278351349756,0.111482282388643,DSS
Leevi Merilainen,11,0.08504218299506311,11,0.002570389007980173,0.08247179398708293,DSS
Leo Carlsson,32,0.5446429187728274,32,0.6077942424453795,-0.06315132367255205,RF
Leon Draisaitl,36,0.6234861982084032,36,0.5782895378975405,0.04519666031086278,DSS
Liam Dower Nilsson,2,0.08116314847758506,2,0.0042442940175533295,0.07691885446003173,DSS
Liam Foudy,2,0.08116314847758506,2,0.0042442940175533295,0.07691885446003173,DSS
Liam O'Brien,32,0.1726040714849829,32,0.09690995141863823,0.07569412006634468,DSS
Liam Ohgren,14,0.3703996034967597,14,0.29106462507375647,0.07933497842300324,DSS
Lian Bichsel,21,0.22105542917482748,21,0.14714369568086805,0.07391173349395944,DSS
Linus Karlsson,11,0.3112219746250783,11,0.27932596003467386,0.03189601459040442,DSS
Linus Ullmark,28,0.1568201576798268,28,0.07467091708843197,0.08214924059139482,DSS
Logan Cooley,31,0.5028644569526187,31,0.4563157082565369,0.04654874869608183,DSS
Logan Mailloux,4,0.4600105732573615,4,0.5063718250021338,-0.04636125174477235,RF
Logan O'Connor,34,0.37305530084883654,34,0.3946554162265623,-0.02160011537772577,RF
Logan Stankoven,35,0.476655130985832,35,0.48934000985963005,-0.012684878873798044,RF
Logan Stanley,32,0.236917884983859,32,0.1602001814171672,0.0767177035666918,DSS
Logan Thompson,35,0.11111704716319952,35,0.03188504938568388,0.07923199777751563,DSS
Louis Crevier,23,0.196405228725307,23,0.13368050041406052,0.06272472831124648,DSS
Louis Domingue,2,0.08725877414790771,2,0.004447581246495247,0.08281119290141246,DSS
Luca Cagnoni,4,0.3548687331862131,4,0.2552671832963824,0.09960154988983067,DSS
Luca Del Bel Belluz,6,0.4580640560829086,6,0.3577765170484781,0.1002875390344305,DSS
Lucas Carlsson,6,0.25980462857648867,6,0.16973922587931156,0.09006540269717711,DSS
Lucas Condotta,4,0.3312743584272836,4,0.25812112633138895,0.07315323209589464,DSS
Lucas Mercuri,1,0.08116314847758506,1,0.004292517900466919,0.07687063057711814,DSS
Lucas Raymond,32,0.4613553495802297,32,0.4537899198476225,0.0075654297326072095,DSS
Lukas Cormier,3,0.08116314847758506,3,0.0035823086897532144,0.07758083978783184,DSS
Lukas Dostal,32,0.08459193791714155,32,0.002132428693585098,0.08245950922355645,DSS
Lukas Reichel,32,0.22227700129485012,32,0.12991080118808895,0.09236620010676116,DSS
Luke Evangelista,30,0.4740025911976951,30,0.5393631171435118,-0.0653605259458167,RF
Luke Glendening,33,0.2587241270114725,33,0.2469362738457593,0.011787853165713208,DSS
Luke Hughes,31,0.3289266498125801,31,0.4233034935689742,-0.0943768437563941,RF
Luke Kunin,33,0.21878016060323768,33,0.06971248307011345,0.14906767753312422,DSS
Luke Schenn,36,0.26949893634691857,36,0.2277050625739826,0.041793873772935974,DSS
MacKenzie Weegar,32,0.5232685537714232,32,0.5076550366356969,0.01561351713572634,DSS
Mackenzie Blackwood,35,0.11201137629224188,35,0.031612342915364675,0.0803990333768772,DSS
Mackie Samoskevich,35,0.2463490822658392,35,0.2893627587173666,-0.0430136764515274,RF
Macklin Celebrini,28,0.4136511761284935,28,0.3981320836714336,0.015519092457059902,DSS
Mads Sogaard,3,0.08319502370102594,3,0.003718008597691854,0.07947701510333409,DSS
Maksymilian Szuber,2,0.08725877414790771,2,0.004485407844185829,0.08277336630372188,DSS
Marat Khusnutdinov,30,0.275261300128064,30,0.20405876077711582,0.07120253935094817,DSS
Marc Del Gaizo,22,0.365720594251079,22,0.3242220228368586,0.04149857141422042,DSS
Marc Gatcomb,15,0.18229158839596682,15,0.07323440412680308,0.10905718426916373,DSS
Marc McLaughlin,11,0.2939630236086993,11,0.18574802306565372,0.10821500054304559,DSS
Marc-Andre Fleury,34,0.08403167820479572,34,0.0021580921157318004,0.08187358608906392,DSS
Marc-Edouard Vlasic,17,0.24716967728246278,17,0.1810400882626281,0.06612958901983468,DSS
Marco Kasper,31,0.5217973717925417,31,0.531018627987754,-0.009221256195212302,RF
Marco Rossi,34,0.4904810051181452,34,0.49716785802122426,-0.006686852903079077,RF
Marcus Foligno,34,0.33209082298938264,34,0.32537764990154433,0.006713173087838309,DSS
Marcus Hogberg,16,0.08421096131274639,16,0.002342068590223789,0.0818688927225226,DSS
Marcus Johansson,30,0.38061103210570124,30,0.4373951708277067,-0.05678413872200544,RF
Marcus Pettersson,31,0.3408648762116232,31,0.3578221769102158,-0.01695730069859258,RF
Mario Ferraro,32,0.26992959600189176,32,0.2543862231541425,0.01554337284774926,DSS
Mark Friedman,5,0.08482052387977865,5,0.0031182855367660523,0.0817022383430126,DSS
Mark Jankowski,36,0.23597152894722376,36,0.1150233657616708,0.12094816318555296,DSS
Mark Kastelic,29,0.3703420480362703,29,0.2851355042437027,0.08520654379256759,DSS
Mark Scheifele,36,0.378508019279542,36,0.2544726086263027,0.12403541065323925,DSS
Mark Stone,33,0.4326660131503034,33,0.4571955487357848,-0.024529535585481377,RF
Marshall Rifai,8,0.08421096131274639,8,0.0028219232335686684,0.08138903807917772,DSS
Martin Fehervary,28,0.3300735300004422,28,0.28992645828319447,0.04014707171724774,DSS
Martin Fehérváry,8,0.2962022124381579,8,0.2560097351670265,0.0401924772711314,DSS
Martin Necas,35,0.4298781832905581,35,0.41830271152513365,0.01157547176542445,DSS
Martin Pospisil,32,0.21612934939771625,32,0.13542185595724732,0.08070749344046893,DSS
Mason Appleton,33,0.26421588186698397,33,0.276264944650007,-0.012049062783023035,RF
Mason Lohrei,32,0.32141482200414173,32,0.3152554420521483,0.006159379951993449,DSS
Mason Marchment,35,0.3594073960693608,35,0.38191694925938335,-0.02250955319002257,RF
Mason McTavish,31,0.46247312910361177,31,0.4625932985255795,-0.00012016942196774183,RF
Mason Morelli,2,0.08116314847758507,2,0.004372334107756615,0.07679081436982846,DSS
Mason Shaw,5,0.08238227361164958,5,0.0031781353056430815,0.0792041383060065,DSS
Matej Blumel,5,0.2812521164373439,5,0.20723836943507196,0.07401374700227192,DSS
Mathew Barzal,14,0.40480065955963174,14,0.5679525963163802,-0.16315193675674844,RF
Mathieu Joseph,35,0.3192995637512136,35,0.237762773675578,0.0815367900756356,DSS
Mathieu Olivier,32,0.3748452393712336,32,0.3483703864039853,0.026474852967248275,DSS
Matias Maccelli,32,0.25949338422362433,32,0.1604649960063398,0.09902838821728455,DSS
Mats Zuccarello,29,0.32111143851311374,29,0.3130199354270409,0.008091503086072871,DSS
Matt Benning,10,0.08482052387977865,10,0.0026062708348035812,0.08221425304497507,DSS
Matt Boldy,34,0.7002634801526065,34,0.5918266202377922,0.10843685991481433,DSS
Matt Duchene,35,0.400142344275301,35,0.30437422426683564,0.09576812000846535,DSS
Matt Dumba,33,0.24505113312933444,33,0.21557877698179448,0.029472356147539958,DSS
Matt Grzelcyk,33,0.3662518902776441,33,0.429637872472857,-0.06338598219521291,RF
Matt Kiersted,3,0.3357599735542102,3,0.3399822860956192,-0.004222312541408979,RF
Matt Martin,26,0.17082076970979101,26,0.08135677859760247,0.08946399111218854,DSS
Matt Murray,6,0.08319502370102594,6,0.003061154236396154,0.08013386946462979,DSS
Matt Nieto,21,0.21372464999358948,21,0.14583816805056163,0.06788648194302785,DSS
Matt Rempe,23,0.3125511500192193,23,0.31163999891799427,0.0009111511012250273,DSS
Matt Roy,34,0.28438741466724465,34,0.18217123716193087,0.10221617750531378,DSS
Matt Tomkins,2,0.08725877414790771,2,0.00411236472427845,0.08314640942362926,DSS
Matt Villalta,4,0.08116314847758506,4,0.003141983412206173,0.07802116506537889,DSS
Matthew Coronato,30,0.5378077318027881,30,0.5376697111874819,0.00013802061530621135,DSS
Matthew Highmore,20,0.2703995810679826,20,0.20594910085201262,0.06445048021597,DSS
Matthew Kessel,23,0.1896985696417021,23,0.13466654523559238,0.055032024406109714,DSS
Matthew Knies,35,0.5878432180091485,35,0.5839363694190979,0.003906848590050638,DSS
Matthew Poitras,13,0.1987196939271937,13,0.008552279609900255,0.19016741431729345,DSS
Matthew Robertson,4,0.08421096131274639,4,0.0032709091901779175,0.08094005212256847,DSS
Matthew Savoie,5,0.27377268739998273,5,0.2062518134713173,0.06752087392866543,DSS
Matthew Stienburg,4,0.08116314847758506,4,0.003203239291906357,0.0779599091856787,DSS
Matthew Tkachuk,28,0.366915945686757,28,0.36615829901503666,0.0007576466717203467,DSS
Matthew Wood,5,0.2812521164373439,5,0.20771249309182166,0.07353962334552222,DSS
Mattias Ekholm,36,0.18009624408844827,36,0.08830688986927271,0.09178935421917556,DSS
Mattias Janmark,36,0.32842338607232446,36,0.20095994064791334,0.12746344542441113,DSS
Mattias Samuelsson,27,0.2647603357589455,27,0.22823586756432498,0.03652446819462049,DSS
Matty Beniers,31,0.3831741756009219,31,0.4593840917992976,-0.07620991619837575,RF
Matvei Michkov,32,0.43291073408916825,32,0.33844959340058267,0.09446114068858558,DSS
Matyas Sapovaliv,3,0.08116314847758506,3,0.0034683930377165475,0.07769475543986851,DSS
Maveric Lamoureux,7,0.1921293330454867,7,0.004882496914693287,0.18724683613079343,DSS
Mavrik Bourque,34,0.22772435232377666,34,0.09268699937007006,0.1350373529537066,DSS
Max Domi,33,0.34114389280322344,33,0.33696494206334604,0.004178950739877396,DSS
Max Jones,20,0.1849935180507858,20,0.1042021743953228,0.08079134365546299,DSS
Max Pacioretty,21,0.4719596164544577,21,0.39981316686386154,0.07214644959059618,DSS
Max Plante,2,0.08116314847758506,2,0.0042442940175533295,0.07691885446003173,DSS
Max Sasson,16,0.3158145561009521,16,0.25528280274011195,0.06053175336084016,DSS
Max Willman,2,0.08725877414790773,2,0.004485407844185829,0.0827733663037219,DSS
Maxence Guenette,2,0.08116314847758506,2,0.0039140935987234116,0.07724905487886165,DSS
Maxim Tsyplakov,31,0.36945129124894804,31,0.3214191224786543,0.04803216877029376,DSS
Maximilian Kilpinen,2,0.08116314847758506,2,0.0042442940175533295,0.07691885446003173,DSS
Maxwell Crozier,4,0.08421096131274639,4,0.0037066200748085976,0.08050434123793779,DSS
Michael Amadio,32,0.3365994046244903,32,0.3206630788045004,0.015936325819989883,DSS
Michael Brandsegg-Nygard,2,0.18079175816864157,2,0.007251804694533348,0.17353995347410822,DSS
Michael Bunting,32,0.40890059785805905,32,0.5034860009327531,-0.09458540307469404,RF
Michael Callahan,11,0.19944093914853525,11,0.09655223854563454,0.10288870060290072,DSS
Michael Carcone,32,0.26099784721485,32,0.16087326407432556,0.10012458314052441,DSS
Michael Emerson,1,0.08116314847758506,1,0.004292517900466919,0.07687063057711814,DSS
Michael Kesselring,32,0.32390637515378157,32,0.22543670143932104,0.09846967371446053,DSS
Michael McCarron,31,0.25681361687698384,31,0.1645340632286764,0.09227955364830745,DSS
Michael Milne,3,0.08725877414790771,3,0.0041345953941345215,0.08312417875377319,DSS
Michael Pezzetta,34,0.08403167820479572,34,0.0022343085969195645,0.08179736960787616,DSS
Michael Rasmussen,32,0.24322026233565816,32,0.15842492249794304,0.08479533983771512,DSS
Michael Sgarbossa,3,0.6699932813736199,3,0.6754881764451662,-0.005494895071546324,RF
Mika Zibanejad,31,0.5752656246510619,31,0.607936616626478,-0.03267099197541612,RF
Mikael Backlund,32,0.400047614888275,32,0.4113629445200786,-0.011315329631803595,RF
Mikael Granlund,37,0.447132013649317,37,0.48338659923221616,-0.03625458558289918,RF
Mikael Pyyhtia,22,0.2657459599728175,22,0.23216704025187276,0.03357891972094476,DSS
Mike Hardman,4,0.21525932564185313,4,0.0037116697058081627,0.21154765593604496,DSS
Mike Matheson,34,0.24049686527226588,34,0.15326188033556237,0.08723498493670351,DSS
Mike Reilly,15,0.14948497130959068,15,0.07109749813874562,0.07838747317084506,DSS
Mikey Anderson,34,0.21062272018032874,34,0.17946527383345015,0.031157446346878587,DSS
Mikey Eyssimont,30,0.26908635918453716,30,0.20532093718647956,0.0637654219980576,DSS
Mikhail Sergachev,32,0.5289639256547825,32,0.5730127376737073,-0.044048812018924854,RF
Mikko Kokkonen,3,0.08116314847758506,3,0.0036306269466876984,0.07753252153089736,DSS
Mikko Rantanen,36,0.6856643507956015,36,0.65481579862535,0.03084855217025151,DSS
Miles Wood,22,0.25071866157284606,22,0.23108460974286904,0.019634051829977017,DSS
Miro Heiskanen,20,0.47487251449835644,20,0.5584974313154817,-0.08362491681712525,RF
Mitchell Chaffee,33,0.18847787231567198,33,0.06509407643567432,0.12338379587999766,DSS
Mitchell Marner,36,0.6588579291875445,36,0.4929222114798095,0.16593571770773496,DSS
Mitchell Stephens,11,0.2710487412481328,11,0.18733376975763927,0.0837149714904935,DSS
Morgan Barron,33,0.2488160019871152,33,0.15599834659334386,0.09281765539377135,DSS
Morgan Frost,33,0.3788621624772108,33,0.37035079593911313,0.008511366538097642,DSS
Morgan Geekie,32,0.6437518735555945,32,0.6686305765761063,-0.02487870302051176,RF
Morgan Rielly,36,0.45275739681228266,36,0.58411521009273,-0.13135781328044738,RF
Moritz Seider,32,0.448642401896147,32,0.44654769042972475,0.002094711466422261,DSS
Nate Bastian,31,0.2819292678795113,31,0.23587480403723254,0.04605446384227874,DSS
Nate Clurman,3,0.08319502370102594,3,0.003661543130874634,0.0795334805701513,DSS
Nate Danielson,2,0.08116314847758506,2,0.0042442940175533295,0.07691885446003173,DSS
Nate Schmidt,36,0.2783377815565792,36,0.1989004955523544,0.07943728600422478,DSS
Nathan Legare,4,0.08421096131274639,4,0.0035958345979452133,0.08061512671480117,DSS
Nathan MacKinnon,34,0.624565707368555,34,0.5572944500428789,0.06727125732567607,DSS
Nathan Walker,35,0.2677749897524943,35,0.23240018178309713,0.03537480796939718,DSS
Nazem Kadri,32,0.5717238767855155,32,0.5469957028981298,0.024728173887385685,DSS
Neal Pionk,36,0.26367573867213495,36,0.2471860342969497,0.016489704375185238,DSS
Nic Dowd,35,0.20253607134413149,35,0.14720534990940776,0.05533072143472373,DSS
Nicholas Robertson,36,0.20972844792940137,36,0.09251896923200952,0.11720947869739186,DSS
Nick Abruzzese,3,0.08116314847758506,3,0.0036306269466876984,0.07753252153089736,DSS
Nick Bjugstad,27,0.21390805428969412,27,0.15435851530896294,0.059549538980731176,DSS
Nick Blankenburg,24,0.31603639084160073,24,0.25327206728979945,0.06276432355180128,DSS
Nick Cousins,25,0.19244372344113836,25,0.08341200917959213,0.10903171426154623,DSS
Nick DeSimone,24,0.31242848987147115,24,0.21496290698026618,0.09746558289120497,DSS
Nick Foligno,32,0.39242742791213947,32,0.3800126947462559,0.012414733165883596,DSS
Nick Jensen,34,0.17409303066168824,34,0.06447873691863873,0.10961429374304951,DSS
Nick Leddy,17,0.30912148335049944,17,0.24055586185525446,0.06856562149524498,DSS
Nick Paul,33,0.4068072415256255,33,0.4306991867946856,-0.023891945269060133,RF
Nick Perbix,33,0.1889942460769747,33,0.15344115256360083,0.03555309351337388,DSS
Nick Schmaltz,32,0.45632831982586347,32,0.37696179165504873,0.07936652817081474,DSS
Nick Seeler,30,0.18965322627716155,30,0.10327624815205733,0.08637697812510423,DSS
Nick Suzuki,34,0.5746046876800296,34,0.4280315354904708,0.1465731521895588,DSS
Nico Daws,6,0.08522689892446683,6,0.0032854781796534858,0.08194142074481335,DSS
Nico Hischier,33,0.4138613668482875,33,0.4599050816261407,-0.046043714777853184,RF
Nico Sturm,32,0.1739133839100201,32,0.0670661540934816,0.10684722981653849,DSS
Nicolas Aube-Kubel,21,0.179738469111239,21,0.09923872937049184,0.08049973974074716,DSS
Nicolas Deslauriers,21,0.23633532182827474,21,0.14862196431273506,0.08771335751553969,DSS
Nicolas Hague,33,0.25958403533679736,33,0.18781238862059332,0.07177164671620404,DSS
Nicolas Roy,33,0.4105558958525149,33,0.4014293990577712,0.0091264967947437,DSS
Nikita Alexandrov,2,0.08116314847758506,2,0.004306841641664505,0.07685630683592055,DSS
Nikita Artamonov,1,0.08116314847758506,1,0.004292517900466919,0.07687063057711814,DSS
Nikita Chibrikov,3,0.25089294295304615,3,0.027971026798089344,0.2229219161549568,DSS
Nikita Grebenkin,6,0.08319502370102594,6,0.0031311983863512674,0.08006382531467467,DSS
Nikita Guslistov,1,0.08116314847758506,1,0.004292517900466919,0.07687063057711814,DSS
Nikita Kucherov,33,0.6142790376876459,33,0.5365529708338507,0.07772606685379524,DSS
Nikita Nesterenko,12,0.20560787994414653,12,0.08779161175092061,0.11781626819322592,DSS
Nikita Prishchepov,5,0.08116314847758506,5,0.003046160191297531,0.07811698828628753,DSS
Nikita Tolopilo,2,0.08725877414790771,2,0.00445295125246048,0.08280582289544723,DSS
Nikita Zadorov,32,0.26139113401703157,32,0.19237871246878058,0.06901242154825099,DSS
Niko Mikkola,36,0.15896301263055496,36,0.03151964065101412,0.12744337197954084,DSS
Nikolai Kovalenko,27,0.2180994706539724,27,0.15080546159987096,0.06729400905410143,DSS
Nikolaj Ehlers,33,0.4421686210367565,33,0.44100142383214197,0.0011671972046145562,DSS
Nikolas Matinpalo,22,0.2225092215814085,22,0.18680525046180596,0.03570397111960255,DSS
Nils Aman,16,0.26379357287791155,16,0.19147467147558928,0.07231890140232228,DSS
Nils Hoglander,32,0.335006515966611,32,0.3177402864675969,0.01726622949901413,DSS
Nils Lundkvist,19,0.26595633272653973,19,0.2155117521944799,0.05044458053205983,DSS
Nino Niederreiter,36,0.42907383085225903,36,0.45848524135847885,-0.029411410506219815,RF
Noah Cates,32,0.4339819151050375,32,0.4734743735753,-0.039492458470262504,RF
Noah Dobson,28,0.4108845735263119,28,0.40320602391979526,0.007678549606516649,DSS
Noah Gregor,28,0.3348221745523944,28,0.30089951146926197,0.03392266308313241,DSS
Noah Hanifin,36,0.4253985174793,36,0.42282718658033347,0.0025713308989665506,DSS
Noah Juulsen,20,0.08421096131274637,20,0.002365245670080185,0.08184571564266618,DSS
Noah Ostlund,3,0.08725877414790771,3,0.0038899133602778115,0.0833688607876299,DSS
Noah Philp,10,0.2919089914749802,10,0.20497686453163624,0.08693212694334393,DSS
Noel Acciari,33,0.23869286047531538,33,0.189407291398807,0.049285569076508384,DSS
Noel Fransen,1,0.08116314847758506,1,0.004292517900466919,0.07687063057711814,DSS
Noel Gunler,1,0.08116314847758506,1,0.004292517900466919,0.07687063057711814,DSS
Nolan Allan,24,0.25020981798943837,24,0.17457929315666357,0.0756305248327748,DSS
Nolan Foote,9,0.1950806345850343,9,0.11642252364092404,0.07865811094411027,DSS
Olen Zellweger,32,0.2683895913872875,32,0.25562843261286616,0.012761158774421355,DSS
Oliver Bjorkstrand,34,0.30969901977728004,34,0.30181905364289,0.007879966134390015,DSS
Oliver Ekman-Larsson,36,0.2971328054132624,36,0.25478287568936747,0.04234992972389495,DSS
Oliver Kapanen,11,0.3225085285766338,11,0.18803383071314206,0.13447469786349175,DSS
Oliver Kylington,26,0.29891757273819775,26,0.19781508525976768,0.10110248747843006,DSS
Oliver Moore,4,0.6199073059836187,4,0.5268841851502657,0.09302312083335296,DSS
Oliver Wahlstrom,22,0.27857979765873925,22,0.23232312280346046,0.04625667485527879,DSS
Olivier Rodrigue,7,0.08464636314634087,7,0.0030001518981797354,0.08164621124816114,DSS
Olle Lycksell,12,0.3824705792398329,12,0.33828696484367055,0.04418361439616236,DSS
Olli Määttä,32,0.2588045350934026,32,0.1639273394830525,0.09487719561035013,DSS
Ondrej Becher,2,0.08116314847758506,2,0.0042442940175533295,0.07691885446003173,DSS
Ondrej Palat,34,0.2418738002121773,34,0.23786621343563585,0.00400758677654145,DSS
Oscar Dansk,1,0.08725877414790771,1,0.004511922597885132,0.08274685155002258,DSS
Oskar Back,21,0.30400618170072824,21,0.2444099329766773,0.05959624872405095,DSS
Oskar Bäck,15,0.2537982747568328,15,0.1382861278951168,0.11551214686171601,DSS
Oskar Sundqvist,32,0.25100483681424535,32,0.16196526726707816,0.08903956954716719,DSS
Oskar Vuollet,1,0.08116314847758506,1,0.004292517900466919,0.07687063057711814,DSS
Owen Beck,5,0.271248430634462,5,0.2073638804256916,0.06388455020877043,DSS
Owen Mehlenbacher,2,0.08116314847758507,2,0.0042442940175533295,0.07691885446003174,DSS
Owen Pickering,12,0.33497094759572593,12,0.25741781294345856,0.07755313465226737,DSS
Owen Power,32,0.2948577530562204,32,0.34733147406950593,-0.05247372101328551,RF
Owen Sillinger,2,0.08725877414790771,2,0.004447581246495247,0.08281119290141246,DSS
Owen Tippett,32,0.35544770957589383,32,0.3491069433512166,0.006340766224677219,DSS
Ozzy Wiesblatt,2,0.45941842576120745,2,0.5042705535888672,-0.04485212782765974,RF
Parker Ford,3,0.6662719016692306,3,0.6653439886868,0.0009279129824305565,DSS
Parker Kelly,34,0.18663129006071347,34,0.09042798333308276,0.09620330672763071,DSS
Parker Wotherspoon,32,0.2840786094760439,32,0.22597895900253206,0.058099650473511844,DSS
Pat Maroon,32,0.298627514488528,32,0.1926856751088053,0.10594183937972268,DSS
Patrick Brown,9,0.30300102254257955,9,0.22760093129343456,0.07540009124914498,DSS
Patrick Giles,9,0.1943555614564475,9,0.11688922221461932,0.07746633924182818,DSS
Patrick Kane,31,0.5004756652408405,31,0.5143459398419626,-0.013870274601122112,RF
Patrik Koch,2,0.08725877414790771,2,0.0043535493314266205,0.08290522481648109,DSS
Patrik Laine,25,0.2808387161950955,25,0.3043400673568249,-0.02350135116172941,RF
Paul Cotter,34,0.21726850360232697,34,0.12135099400492276,0.09591750959740421,DSS
Pavel Buchnevich,34,0.5903939166062931,34,0.6616338206564679,-0.07123990405017477,RF
Pavel Dorofeyev,36,0.3755078629429438,36,0.34550815220508313,0.029999710737860674,DSS
Pavel Mintyukov,32,0.20531675196753138,32,0.12938104243949056,0.07593570952804082,DSS
Pavel Zacha,32,0.3604703696933339,32,0.44077680981718004,-0.08030644012384613,RF
Petr Mrazek,30,0.11487590406050542,30,0.03626793039341768,0.07860797366708774,DSS
Peyton Krebs,32,0.33325041756185103,32,0.3792722683865577,-0.04602185082470667,RF
Pheonix Copley,3,0.08725877414790771,3,0.0041345953941345215,0.08312417875377319,DSS
Phil Di Giuseppe,9,0.31969625061224183,9,0.234918767793311,0.08477748281893083,DSS
Philip Broberg,32,0.2437853515515064,32,0.22143408469855785,0.022351266852948554,DSS
Philip Kemp,3,0.08725877414790771,3,0.0040947919090588885,0.08316398223884883,DSS
Philip Tomasino,31,0.27130037750955976,31,0.26101824581142397,0.010282131698135799,DSS
Philipp Grubauer,28,0.08334015764555745,28,0.0023091543199760573,0.0810310033255814,DSS
Philipp Kurashev,32,0.3597516509849118,32,0.32167143875267357,0.03808021223223823,DSS
Philippe Myers,35,0.21449330320086046,35,0.1472254994724478,0.06726780372841265,DSS
Phillip Danault,34,0.5261765532151449,34,0.6513609820429016,-0.1251844288277567,RF
Pierre Engvall,28,0.26803440310156645,28,0.25458911513643606,0.013445287965130392,DSS
Pierre-Luc Dubois,35,0.4245842134098821,35,0.435473358631134,-0.010889145221251895,RF
Pierre-Olivier Joseph,25,0.21840939054031597,25,0.12490420758724213,0.09350518295307383,DSS
Pius Suter,32,0.48841897200691986,32,0.5728022652911022,-0.08438329328418237,RF
Pontus Holmberg,36,0.3105999844976925,36,0.20061330714573464,0.10998667735195786,DSS
Pyotr Kochetkov,35,0.17375426223749182,35,0.08919612403426852,0.0845581382032233,DSS
Quinn Hughes,32,0.3989252660344681,32,0.3376741539686918,0.06125111206577627,DSS
Quinton Byfield,34,0.580249578099054,34,0.6069246347555343,-0.02667505665648029,RF
Radek Faksa,34,0.2857406418762646,34,0.23932371562456384,0.04641692625170074,DSS
Radko Gudas,32,0.2841822947953899,32,0.19263436051551253,0.0915479342798774,DSS
Rafael Harvey-Pinard,2,0.08725877414790771,2,0.004308741539716721,0.08295003260819099,DSS
Raphael Lavoie,8,0.08421096131274639,8,0.0027692392468452454,0.08144172206590114,DSS
Rasmus Andersson,32,0.3201312065605644,32,0.30045373761095107,0.019677468949613308,DSS
Rasmus Asplund,4,0.08421096131274639,4,0.003434077836573124,0.08077688347617326,DSS
Rasmus Dahlin,30,0.5543709830116959,30,0.46744849110643066,0.08692249190526519,DSS
Rasmus Kupari,36,0.2759369804342284,36,0.22680109190858072,0.04913588852564765,DSS
Rasmus Ristolainen,32,0.29938880726893474,32,0.1939704945543781,0.10541831271455665,DSS
Rasmus Sandin,35,0.26337806240749784,35,0.17657633402517864,0.0868017283823192,DSS
Redmond Savage,2,0.08116314847758506,2,0.0042442940175533295,0.07691885446003173,DSS
Reese Johnson,5,0.08238227361164958,5,0.0030898816883563997,0.07929239192329318,DSS
Reilly Smith,35,0.42064258811267957,35,0.4347963931305068,-0.014153805017827203,RF
Rickard Rakell,33,0.46583538586190976,33,0.4419950602406805,0.02384032562122923,DSS
Ridly Greig,34,0.40986104189718603,34,0.39203842948464784,0.017822612412538186,DSS
Riley Duran,1,0.08116314847758506,1,0.004335299134254456,0.0768278493433306,DSS
Riley Stillman,13,0.08397651417158013,13,0.0025327523740438316,0.08144376179753629,DSS
Riley Tufte,6,0.08522689892446683,6,0.003102899839480718,0.08212399908498612,DSS
Robby Fabbri,18,0.3822787427435548,18,0.39466062374413013,-0.012381881000575357,RF
Robert Bortuzzo,18,0.1961426624942621,18,0.11499733519223002,0.08114532730203208,DSS
Robert Hagg,4,0.08116314847758506,4,0.003421482630074024,0.07774166584751104,DSS
Robert Thomas,30,0.6434248308866698,30,0.5020326512555281,0.1413921796311417,DSS
Rocco Grimaldi,1,0.08116314847758506,1,0.004292517900466919,0.07687063057711814,DSS
Rodrigo Abols,10,0.2804520890423133,10,0.20353347174823283,0.07691861729408045,DSS
Roman Josi,23,0.20904814857840445,23,0.24383418942275253,-0.03478604084434808,RF
Roman Shokhrin,1,0.08116314847758506,1,0.004292517900466919,0.07687063057711814,DSS
Ronan Seeley,2,0.08116314847758506,2,0.0042442940175533295,0.07691885446003173,DSS
Roni Hirvonen,3,0.08116314847758505,3,0.003719399372736613,0.07744374910484843,DSS
Roope Hintz,35,0.43373084448718047,35,0.5006384922989777,-0.06690764781179726,RF
Rory Kerins,3,0.19138794434456174,3,0.04322215790549914,0.1481657864390626,DSS
Ross Colton,28,0.1676099480096092,28,0.11159920905317579,0.05601073895643342,DSS
Ross Johnston,32,0.16031591225247965,32,0.0972092078300193,0.06310670442246036,DSS
Rutger McGroarty,6,0.1892255642953247,6,0.011714087178309759,0.17751147711701493,DSS
Ryan Donato,33,0.6091137697224482,33,0.7102106903312784,-0.10109692060883013,RF
Ryan Graves,33,0.2009598646210225,33,0.12577866187149828,0.07518120274952422,DSS
Ryan Greene,2,0.08116314847758506,2,0.004294874146580696,0.07686827433100436,DSS
Ryan Hartman,34,0.40840109880971187,34,0.4171006071436055,-0.008699508333893602,RF
Ryan Johnson,3,0.08319502370102594,3,0.0037280035515626273,0.07946702014946332,DSS
Ryan Leonard,8,0.3290993422613836,8,0.25583859998732805,0.07326074227405555,DSS
Ryan Lindgren,30,0.30357218771434447,30,0.17207148236533007,0.1315007053490144,DSS
Ryan Lomberg,32,0.30512779152266184,32,0.28531716065481305,0.01981063086784879,DSS
Ryan McDonagh,33,0.3832634426268359,33,0.42901128338593425,-0.045747840759098324,RF
Ryan McLeod,31,0.5745436668589583,31,0.5480715581966985,0.026472108662259797,DSS
Ryan Nugent-Hopkins,36,0.4755041261216659,36,0.5339533939129777,-0.058449267791311765,RF
Ryan O'Reilly,32,0.4884368208143623,32,0.6313453040784225,-0.1429084832640602,RF
Ryan Poehling,28,0.5319087075172872,28,0.5769114373251796,-0.04500272980789233,RF
Ryan Pulock,29,0.2928435714495514,29,0.21240042008716484,0.08044315136238658,DSS
Ryan Reaves,28,0.18057113944312936,28,0.11090349552354642,0.06966764391958294,DSS
Ryan Shea,33,0.202647090143216,33,0.1250299344008619,0.07761715574235409,DSS
Ryan Strome,32,0.3642541580106427,32,0.37786302354652435,-0.013608865535881642,RF
Ryan Suter,34,0.2592284177274305,34,0.18203943189890945,0.07718898582852105,DSS
Ryan Suzuki,2,0.20580097267584618,2,0.006069596856832504,0.19973137581901368,DSS
Ryan Winterton,6,0.24268703519130355,6,0.17281905189156532,0.06986798329973823,DSS
Ryker Evans,31,0.1716044944849477,31,0.07237106201148802,0.09923343247345967,DSS
Sam Bennett,36,0.4999340195923231,36,0.5925890910956595,-0.0926550715033364,RF
Sam Carrick,31,0.13541053277331,31,0.03455008674533137,0.10086044602797864,DSS
Sam Colangelo,17,0.34646734938919205,17,0.2990952188916066,0.04737213049758543,DSS
Sam Gagner,2,1.3184714517193417,2,1.5403200332075357,-0.22184858148819409,RF
Sam Lafferty,29,0.2785978775270758,29,0.2472987741488835,0.03129910337819233,DSS
Sam Malinski,34,0.2841608930350557,34,0.21205571951235042,0.07210517352270529,DSS
Sam Montembeault,34,0.11198539616904234,34,0.032545136178241056,0.07944025999080129,DSS
Sam Poulin,4,0.3312743584272836,4,0.2585206925868988,0.07275366584038478,DSS
Sam Reinhart,36,0.47264050596781626,36,0.42430975614115596,0.0483307498266603,DSS
Sam Rinzel,4,0.27501675700861783,4,0.4986896123737097,-0.22367285536509185,RF
Sam Stange,2,0.08116314847758507,2,0.0042442940175533295,0.07691885446003174,DSS
Sam Steel,35,0.327655983060952,35,0.2908319809607097,0.03682400210024228,DSS
Samuel Ersson,29,0.08347528235253504,29,0.002201539175263767,0.08127374317727128,DSS
Samuel Girard,34,0.31572298284607614,34,0.2728222027859267,0.04290078006014941,DSS
Samuel Helenius,23,0.37266151779779244,23,0.35045192682224774,0.022209590975544702,DSS
Samuel Honzek,3,0.08319502370102594,3,0.003784989317258199,0.07941003438376774,DSS
Samuel Laberge,2,0.08725877414790771,2,0.004485407844185829,0.08277336630372188,DSS
Santeri Hatakka,2,0.08725877414790771,2,0.004485407844185829,0.08277336630372188,DSS
Scott Laughton,36,0.2412724942878882,36,0.14596500216672817,0.09530749212116002,DSS
Scott Mayfield,31,0.2900018597400887,31,0.26273188115127627,0.027269978588812416,DSS
Scott Morrow,12,0.2180421936988732,12,0.09348872303962708,0.12455347065924613,DSS
Scott Perunovich,32,0.3022120471637523,32,0.2553332868264988,0.04687876033725347,DSS
Scott Wedgewood,33,0.1137092812148464,33,0.03314809794678832,0.08056118326805808,DSS
Seamus Casey,11,0.152261089590389,11,0.09438285434787924,0.05787823524250976,DSS
Sean Couturier,32,0.5787636045988229,32,0.6237213556887582,-0.04495775108993527,RF
Sean Durzi,13,0.3789994827385338,13,0.3894743174314499,-0.010474834692916102,RF
Sean Kuraly,32,0.2166261790605317,32,0.12856427603401244,0.08806190302651926,DSS
Sean Monahan,22,0.584406965310385,22,0.5259440563280474,0.058462908982337636,DSS
Sean Walker,36,0.2741486727548692,36,0.1713935224753287,0.10275515027954049,DSS
Sebastian Aho,39,0.4314104346713522,39,0.4490029958005135,-0.0175925611291613,RF
Sebastian Cossa,3,0.08522689892446683,3,0.00403587023417155,0.08119102869029528,DSS
Semyon Varlamov,12,0.08624283653618726,12,0.0026820957039793334,0.08356074083220794,DSS
Sergei Bobrovsky,36,0.1116624498810283,36,0.030349374438325565,0.08131307544270273,DSS
Seth Jarvis,34,0.5557333730609518,34,0.5234141675207544,0.032319205540197404,DSS
Seth Jones,29,0.41688784911137233,29,0.4189741584504473,-0.002086309339074943,RF
Shai Buium,2,0.08116314847758506,2,0.0042442940175533295,0.07691885446003173,DSS
Shakir Mukhamadullin,18,0.2365451259540363,18,0.11711309477686882,0.11943203117716747,DSS
Shane Bowers,3,0.08522689892446683,3,0.0037431692083676658,0.08148372971609917,DSS
Shane Pinto,34,0.5220927465596081,34,0.5610886198632857,-0.0389958733036776,RF
Shane Wright,31,0.4642983068303463,31,0.4958063638018024,-0.03150805697145609,RF
Shayne Gostisbehere,34,0.48612188787664035,34,0.5847927123746451,-0.0986708244980048,RF
Shea Theodore,34,0.3052534476617847,34,0.21618497119668653,0.08906847646509816,DSS
Sheldon Dries,3,0.08522689892446683,3,0.003725298990805944,0.08150159993366089,DSS
Sidney Crosby,33,0.704133008603446,33,0.49558385201927385,0.2085491565841721,DSS
Simon Benoit,36,0.29505249866617317,36,0.2539960601263576,0.041056438539815554,DSS
Simon Edvinsson,32,0.3067717276051525,32,0.2542451487388462,0.052526578866306295,DSS
Simon Forsmark,1,0.08116314847758506,1,0.004292517900466919,0.07687063057711814,DSS
Simon Holmstrom,30,0.38961797792518016,30,0.417231551806132,-0.027613573880951814,RF
Simon Lundmark,1,0.998815705007692,1,0.970133900642395,0.028681804365296992,DSS
Simon Nemec,19,0.3024465063711686,19,0.2690381692036202,0.033408337167548374,DSS
Skyler Brind'amour,2,0.46001057325736144,2,0.5060849655419588,-0.046074392284597365,RF
Sonny Milano,6,0.08725877414790771,6,0.0033268878857294717,0.08393188626217823,DSS
Spencer Knight,32,0.1460179599717159,32,0.06592762423679233,0.08009033573492358,DSS
Spencer Martin,7,0.08551716681352982,7,0.0030906030109950472,0.08242656380253477,DSS
Spencer Stastney,12,0.33181914403436674,12,0.25449757898847264,0.0773215650458941,DSS
Stanislav Yarovoi,1,0.08116314847758506,1,0.004292517900466919,0.07687063057711814,DSS
Stefan Noesen,34,0.4153270375220978,34,0.42236934854265523,-0.007042311020557412,RF
Stephen Halliday,2,0.08116314847758506,2,0.004151483997702599,0.07701166447988246,DSS
Steven Lorentz,36,0.2215489677301654,36,0.11341978547473748,0.10812918225542793,DSS
Steven Santini,2,0.18079175816864163,2,0.00664447620511055,0.17414728196353108,DSS
Steven Stamkos,32,0.48468431031414877,32,0.479387522675097,0.005296787639051781,DSS
Stuart Skinner,36,0.08353366957159944,36,0.0022754917542139688,0.08125817781738547,DSS
T.J. Brodie,22,0.22281867545881792,22,0.1394210864197124,0.08339758903910552,DSS
T.J. Tynan,5,0.2812521164373439,5,0.20748780220746993,0.07376431422987395,DSS
TJ Brodie,11,0.17381421659546875,11,0.09513482417572629,0.07867939241974246,DSS
Tage Thompson,30,0.35796446118938885,30,0.263895470649004,0.09406899054038487,DSS
Tanner Jeannot,34,0.35359023809279094,34,0.2995643191696966,0.05402591892309433,DSS
Tanner Laczynski,7,0.08377555947915193,7,0.0029932462743350436,0.08078231320481688,DSS
Tanner Pearson,35,0.2292280129562818,35,0.11926730051636696,0.10996071243991486,DSS
Taylor Hall,36,0.45548879436134776,36,0.53207769865791,-0.07658890429656223,RF
Taylor Raddysh,35,0.19627063991636587,35,0.08877532652446202,0.10749531339190385,DSS
Teddy Blueger,32,0.25844583943832633,32,0.28326478332746774,-0.02481894388914141,RF
Teuvo Teravainen,32,0.34309223048939036,32,0.3478964345995337,-0.0048042041101433175,RF
Thatcher Demko,17,0.08546594306840104,17,0.002452259773717207,0.08301368329468382,DSS
Thomas Bordeleau,2,0.08725877414790773,2,0.0041487570852041245,0.0831100170627036,DSS
Thomas Chabot,34,0.4506405998119032,34,0.5626405956333175,-0.11199999582141429,RF
Thomas Harley,35,0.5396104938796183,35,0.6570152641407081,-0.11740477026108975,RF
Tim Gettinger,2,0.08116314847758506,2,0.0042442940175533295,0.07691885446003173,DSS
Tim Stützle,34,0.4918847588970773,34,0.49241056085071144,-0.000525801953634164,RF
Timo Meier,34,0.5349359202478944,34,0.5786232224062962,-0.043687302158401775,RF
Timothy Liljegren,32,0.3582671930261108,32,0.3188346077222377,0.03943258530387311,DSS
Timur Kol,1,0.08116314847758506,1,0.004292517900466919,0.07687063057711814,DSS
Timur Mukhanov,1,0.08116314847758506,1,0.004292517900466919,0.07687063057711814,DSS
Tobias Bjornfot,7,0.08551716681352982,7,0.003087875566312245,0.08242929124721757,DSS
Tom Wilson,35,0.3647695311070948,35,0.272916513468538,0.0918530176385568,DSS
Tomas Hertl,36,0.36418488861312226,36,0.3377654475884305,0.026419441024691737,DSS
Tomas Tatar,34,0.25032534085253433,34,0.18193132145439878,0.06839401939813555,DSS
Tommy Novak,31,0.11462892255375745,31,0.035447079447969314,0.07918184310578813,DSS
Tomás Nosek,31,0.2963408331396205,31,0.2628266226139761,0.033514210525644406,DSS
Tony DeAngelo,14,0.3544658038584062,14,0.5025070003632989,-0.14804119650489267,RF
Topi Niemela,3,0.08116314847758506,3,0.0036306269466876984,0.07753252153089736,DSS
Topias Vilen,3,0.08319502370102594,3,0.0038078874349594116,0.07938713626606653,DSS
Tory Dello,2,0.08116314847758506,2,0.0042442940175533295,0.07691885446003173,DSS
Travis Boyd,5,0.08482052387977865,5,0.003338155895471573,0.08148236798430708,DSS
Travis Dermott,23,0.1246249505921035,23,0.04660588567671568,0.07801906491538782,DSS
Travis Hamonic,30,0.2691605400914945,30,0.23738481340308984,0.03177572668840464,DSS
Travis Konecny,32,0.3967997878685855,32,0.35589645453728735,0.04090333333129814,DSS
Travis Mitchell,1,0.08116314847758506,1,0.004422113299369812,0.07674103517821525,DSS
Travis Sanheim,32,0.19458485210611853,32,0.09577512030955404,0.09880973179656449,DSS
Trent Frederic,31,0.2433774536297358,31,0.16575141383274908,0.07762603979698673,DSS
Trent Miner,4,0.08116314847758506,4,0.0033439695835113525,0.0778191788940737,DSS
Trevor Lewis,29,0.3204365181091531,29,0.24696655532923237,0.07346996277992071,DSS
Trevor Moore,34,0.36430412800299666,34,0.47358492027749033,-0.10928079227449367,RF
Trevor Zegras,23,0.35427051319949776,23,0.43660032376646996,-0.0823298105669722,RF
Trevor van Riemsdyk,35,0.15654520910091158,35,0.06061293823378427,0.0959322708671273,DSS
Tristan Jarry,24,0.12515212778252907,24,0.04502650707339247,0.08012562070913659,DSS
Tristan Lennox,1,0.08116314847758506,1,0.00437396764755249,0.07678918083003257,DSS
Tristan Luneau,5,0.2712484306344621,5,0.20637511909008027,0.0648733115443818,DSS
Troy Stecher,36,0.24293099778565988,36,0.19847914007388884,0.04445185771177104,DSS
Troy Terry,32,0.4881225312832871,32,0.5645815478637815,-0.07645901658049437,RF
Ty Dellandrea,30,0.31170900152849096,30,0.27607164631287257,0.035637355215618394,DSS
Ty Emberson,36,0.28482368936444824,36,0.22681976865149206,0.05800392071295618,DSS
Ty Mueller,1,0.08725877414790771,1,0.004503071308135986,0.08275570283977172,DSS
Ty Smith,12,0.41491154021003,12,0.35774670261889696,0.057164837591133055,DSS
Tye Felhaber,3,0.08116314847758506,3,0.0038253354529539743,0.07733781302463108,DSS
Tye Kartye,30,0.3351548920535738,30,0.3071489311754704,0.02800596087810342,DSS
Tyler Bertuzzi,32,0.518950070906617,32,0.6016711698612198,-0.08272109895460278,RF
Tyler Boucher,2,0.9590412945085327,2,1.005262205377221,-0.0462209108686884,RF
Tyler Johnson,8,0.3024545160649591,8,0.2567288912832737,0.0457256247816854,DSS
Tyler Kleven,34,0.29268348173526265,34,0.29937578233725887,-0.006692300601996215,RF
Tyler Motte,32,0.3037953149101764,32,0.25627698842436075,0.047518326485815665,DSS
Tyler Myers,32,0.19940228513454977,32,0.09749489114619792,0.10190739398835186,DSS
Tyler Seguin,14,0.3526854242010506,14,0.3802800021533455,-0.02759457795229492,RF
Tyler Toffoli,32,0.5079974472112314,32,0.5512401383602992,-0.04324269114906776,RF
Tyler Tucker,22,0.31332776658579325,22,0.2775626472112807,0.035765119374512544,DSS
Tyson Barrie,20,0.19771805607945284,20,0.10535198897123337,0.09236606710821947,DSS
Tyson Foerster,32,0.494596354390574,32,0.6055822077905759,-0.11098585340000194,RF
Tyson Jost,27,0.2886009926876043,27,0.22793433125372287,0.06066666143388144,DSS
Tyson Kozak,13,0.2602920876074966,13,0.23375707062391135,0.026535016983585263,DSS
Ukko-Pekka Luukkonen,32,0.11509388595206353,32,0.03455974790267646,0.08053413804938707,DSS
Urho Vaakanainen,29,0.4212350682336981,29,0.3884285942747675,0.032806473958930604,DSS
Uvis Balinskis,36,0.2565618468872324,36,0.14257213307751548,0.1139897138097169,DSS
Valeri Nichushkin,25,0.45441152626951437,25,0.5026235409080982,-0.04821201463858388,RF
Valtteri Puustinen,11,0.2654403797504683,11,0.18762547285719353,0.07781490689327478,DSS
Vasily Podkolzin,36,0.267957069641478,36,0.1984538963685433,0.06950317327293468,DSS
Vasily Ponomarev,4,0.08725877414790771,4,0.0034469077363610268,0.08381186641154668,DSS
Victor Hedman,33,0.4852273792289616,33,0.4546252289278941,0.0306021503010675,DSS
Victor Mancini,20,0.2413413304656608,20,0.10554018635302782,0.135801144112633,DSS
Victor Olofsson,30,0.2903286327476287,30,0.23871896316607794,0.05160966958155078,DSS
Viktor Arvidsson,32,0.3521629799296968,32,0.3191146298777312,0.0330483500519656,DSS
Ville Heinola,28,0.11994113416270329,28,0.03914036748132536,0.08080076668137792,DSS
Ville Husso,14,0.08377555947915191,14,0.0024579763412475586,0.08131758313790435,DSS
Ville Koivunen,4,0.41703974554233286,4,0.7492165453732014,-0.3321767998308685,RF
Vince Dunn,25,0.4228884235954892,25,0.504667266458273,-0.08177884286278375,RF
Vincent Desharnais,32,0.1714342646413625,32,0.09749802353326231,0.07393624110810018,DSS
Vincent Trocheck,31,0.6034896815497409,31,0.6017505645511612,0.0017391169985797594,DSS
Vinni Lettieri,12,0.2941253444512096,12,0.17130365346868834,0.12282169098252124,DSS
Vinnie Hinostroza,19,0.1179014996748147,19,0.0026763240365605605,0.11522517563825414,DSS
Vitek Vanecek,29,0.11839376825389503,29,0.03786982197699876,0.08052394627689627,DSS
Vladimir Grudinin,1,0.08116314847758506,1,0.004292517900466919,0.07687063057711814,DSS
Vladimir Tarasenko,32,0.38116447299594675,32,0.41083414724562317,-0.029669674249676425,RF
Vladislav Gavrikov,34,0.35579416772419376,34,0.32723806590280113,0.02855610182139262,DSS
Vladislav Kolyachonok,32,0.2691655399746399,32,0.22329644369892776,0.04586909627571212,DSS
Vladislav Namestnikov,36,0.3295049041115256,36,0.32683728894011843,0.0026676151714071783,DSS
Walker Duehr,13,0.24233754683399322,13,0.15876135631249502,0.0835761905214982,DSS
Warren Foegele,34,0.4007325450188088,34,0.40712965246947375,-0.006397107450664963,RF
Will Borgen,32,0.24395766274443026,32,0.1670111232670024,0.07694653947742786,DSS
Will Cuylle,31,0.45741034176717116,31,0.5252881209936834,-0.06787777922651222,RF
William Carrier,36,0.25027743669587665,36,0.22601065422511762,0.02426678247075903,DSS
William Eklund,32,0.42630855507462306,32,0.4444456552155316,-0.018137100140908524,RF
William Karlsson,25,0.4767000104463747,25,0.5688799032568932,-0.09217989281051847,RF
William Lagesson,20,0.1474350584806722,20,0.0542529134079814,0.0931821450726908,DSS
William Nylander,36,0.5747399212697326,36,0.4437150018703606,0.131024919399372,DSS
William Smith,32,0.39976805348725086,32,0.4767471819650382,-0.07697912847778732,RF
William Villeneuve,3,0.08116314847758506,3,0.003719399372736613,0.07744374910484844,DSS
William Wallinder,2,0.20580097267584618,2,0.007598765194416046,0.19820220748143014,DSS
Wyatt Johnston,35,0.4337145464247875,35,0.4744869512106691,-0.040772404785881566,RF
Wyatt Kaiser,26,0.27848909194687416,26,0.19674795780044335,0.0817411341464308,DSS
Yakov Trenin,33,0.3017543027795977,33,0.21694037995555185,0.08481392282404585,DSS
Yaniv Perets,2,0.08116314847758507,2,0.003990486264228821,0.07717266221335625,DSS
Yanni Gourde,26,0.40272272976280693,26,0.46463290458688367,-0.061910174824076736,RF
Yaroslav Askarov,10,0.08482052387977865,10,0.0028663594275712967,0.08195416445220735,DSS
Yegor Chinakhov,20,0.12207708131462525,20,0.004039738141000271,0.11803734317362498,DSS
Yegor Sharangovich,29,0.406421301030173,29,0.4187222291426412,-0.01230092811246819,RF
Zac Jones,30,0.27960323410625504,30,0.2371217786024014,0.04248145550385363,DSS
Zach Aston-Reese,22,0.24406510410140544,22,0.14152087779207664,0.1025442263093288,DSS
Zach Benson,31,0.30533678429883293,31,0.26266494092922055,0.04267184336961238,DSS
Zach Bogosian,34,0.23212749909312427,34,0.12215716972508851,0.10997032936803576,DSS
Zach Hyman,36,0.4746732937410678,36,0.5370886883594923,-0.06241539461842449,RF
Zach Werenski,32,0.606609070717516,32,0.5686055775731802,0.03800349314433582,DSS
Zach Whitecloud,36,0.28111426364945596,36,0.1995383073679275,0.08157595628152847,DSS
Zachary Aston-Reese,11,0.20854379586780353,11,0.09754455800760876,0.11099923786019476,DSS
Zachary Bolduc,34,0.3108140820533996,34,0.41498050992103186,-0.10416642786763225,RF
Zachary L'Heureux,25,0.17651942613544605,25,0.08308568820357323,0.09343373793187282,DSS
Zack MacEwen,11,0.3701700079075943,11,0.28152628242969513,0.08864372547789917,DSS
Zack Ostapchuk,23,0.26640356383774916,23,0.2233434327594612,0.04306013107828796,DSS
Zakary Lavoie,1,0.08116314847758507,1,0.004292517900466919,0.07687063057711815,DSS
Zayne Parekh,2,0.46001057325736144,2,0.5070976205170155,-0.047087047259654013,RF
Zeev Buium,3,0.13745206928568066,3,0.008274644613265991,0.12917742467241466,DSS
Zemgus Girgensons,33,0.16833107539361136,33,0.09434638612649658,0.07398468926711478,DSS
